user_id,rec
1,"[5577022, 856942, 1049998, 1074612, 1075074]"
2,"[978332, 1113780, 826784, 1103898, 831125]"
3,"[1044078, 835476, 9337581, 998206, 9337369]"
6,"[13003092, 1082185, 878996, 1041259, 1037863]"
7,"[6534406, 1086732, 1072483, 989221, 7147142]"
8,"[8181377, 1044078, 926808, 1105433, 1013503]"
9,"[872146, 10456457, 1056005, 12171886, 1135468]"
10,"[1113588, 866158, 871377, 9655744, 974579]"
13,"[862070, 898466, 6554400, 922651, 1042942]"
14,"[910673, 1043590, 1103629, 1127758, 1044078]"
15,"[1028507, 848071, 1000970, 847901, 1053530]"
16,"[13007710, 860361, 12138402, 1084551, 1021834]"
18,"[951412, 970030, 9677886, 1116821, 1128477]"
19,"[1044078, 1043590, 1033615, 910673, 844179]"
20,"[894360, 1123106, 983267, 1126899, 8090536]"
21,"[6904419, 5592030, 1050079, 934697, 15596515]"
22,"[1070497, 1073775, 13115981, 995816, 1104349]"
23,"[1010440, 1138858, 1091520, 1029688, 838097]"
24,"[1016800, 970152, 1044078, 15926638, 1094308]"
25,"[1118281, 1075793, 1075786, 1012284, 12324956]"
26,"[978129, 1021133, 831536, 851819, 1043590]"
27,"[1118264, 996425, 9419470, 1031923, 887003]"
28,"[1079878, 854900, 6534030, 6533368, 861419]"
29,"[838602, 920239, 837366, 6391532, 6979005]"
30,"[1023339, 1004982, 1087785, 1015375, 995645]"
31,"[829802, 7406474, 9526100, 8019806, 968992]"
32,"[820222, 970030, 1119405, 1000586, 959737]"
33,"[12810472, 968146, 9831469, 1025611, 9835747]"
34,"[830203, 879701, 1138474, 1096315, 5579075]"
35,"[833648, 1087916, 9570062, 909472, 1017772]"
36,"[1097991, 1047076, 7409970, 880104, 957938]"
37,"[1067695, 898448, 840634, 973780, 844165]"
39,"[880050, 1127716, 6513713, 957164, 1138487]"
40,"[928092, 951412, 903325, 932179, 895268]"
41,"[1044805, 1120009, 5995445, 878290, 1077430]"
42,"[5995177, 839656, 1060673, 856788, 1022011]"
43,"[1065496, 821787, 6533878, 1120963, 930545]"
46,"[1127831, 852856, 862335, 1082185, 1098844]"
47,"[6533236, 892294, 6533681, 861990, 912840]"
49,"[1139782, 926206, 1135460, 1083328, 5569471]"
50,"[10284972, 984671, 1029688, 1118547, 906128]"
51,"[1015612, 8015407, 967395, 13115501, 898510]"
52,"[1109680, 879280, 10355865, 937403, 970030]"
53,"[1099802, 13906641, 906335, 964853, 830125]"
55,"[5570467, 5572884, 1097280, 844165, 909256]"
56,"[9803545, 1003321, 6533608, 891415, 926210]"
57,"[13072793, 1139023, 1073775, 1048563, 908236]"
58,"[970030, 951412, 1127831, 1054216, 7024990]"
59,"[10457471, 1024032, 1044078, 957951, 825180]"
62,"[417578, 201704, 9400535, 40885, 197681]"
63,"[1062572, 7431408, 1014292, 897733, 10344969]"
64,"[7147145, 1043590, 1025611, 1044078, 869024]"
65,"[961889, 12330856, 1103043, 1095964, 5592888]"
67,"[9420067, 1127831, 1104414, 826120, 1038467]"
68,"[1037894, 1044078, 921614, 845675, 1110572]"
69,"[1043590, 1025611, 1044078, 1103629, 1019497]"
71,"[1008288, 828048, 1044078, 1056509, 1090931]"
75,"[762311, 541711, 751280, 859191, 687292]"
77,"[6979128, 9677874, 955921, 879977, 1082185]"
78,"[9573206, 1081421, 1097280, 954495, 838739]"
79,"[864741, 1103513, 1038550, 12263279, 1010164]"
80,"[13213015, 1063594, 859075, 1101932, 910673]"
81,"[1043590, 1025611, 1103629, 1044078, 978294]"
82,"[1119761, 1084036, 849202, 1000753, 1070702]"
83,"[819302, 1109306, 877226, 848319, 1033324]"
84,"[903529, 829722, 901061, 984283, 10250632]"
85,"[1021519, 923149, 860317, 9573206, 1139782]"
86,"[1135195, 865026, 899201, 8090519, 1042628]"
87,"[1008820, 6391089, 1062854, 939420, 1080853]"
88,"[1044078, 1065593, 913270, 928049, 5568378]"
90,"[6464166, 942299, 1135552, 998828, 6513914]"
91,"[911088, 1024833, 1113667, 838637, 5569098]"
92,"[6391089, 1050645, 895268, 987838, 846760]"
94,"[10201699, 851952, 895039, 6463772, 13945181]"
95,"[823356, 922561, 870929, 995242, 926233]"
97,"[1031892, 1060318, 6463752, 1114765, 1096036]"
98,"[1095040, 1091858, 853197, 917742, 923149]"
99,"[1013528, 824073, 922651, 917839, 868015]"
100,"[831536, 939965, 1110624, 1010440, 1079174]"
101,"[1044078, 1001277, 929410, 1079820, 991948]"
103,"[961846, 1011832, 7025046, 1089766, 911724]"
104,"[930955, 5568378, 1127831, 996156, 1014802]"
105,"[1135868, 1044078, 919596, 917008, 10150249]"
106,"[896516, 1111080, 901287, 1127179, 1109832]"
107,"[936322, 1047393, 1057271, 1090931, 1069990]"
109,"[10285335, 996955, 12731436, 927265, 972456]"
110,"[841236, 1044078, 1043590, 863351, 845677]"
111,"[9677874, 5566809, 9837076, 874877, 856788]"
112,"[982112, 1105615, 10204822, 6547504, 950200]"
113,"[951412, 1024020, 7024990, 1127831, 903325]"
114,"[977791, 5568489, 1017739, 7025203, 885697]"
115,"[1018007, 850841, 990688, 1014981, 892221]"
116,"[1000840, 1014732, 1010424, 850058, 9297403]"
117,"[848329, 852182, 928589, 1041229, 856665]"
118,"[1048893, 1105769, 938849, 1003178, 972456]"
119,"[12554515, 5581464, 1119399, 1103752, 1022827]"
121,"[1043590, 1044078, 12130522, 1025611, 989069]"
122,"[6464147, 1118264, 5590837, 950659, 963703]"
123,"[890610, 1044078, 819063, 886964, 844179]"
124,"[985808, 1029002, 1012922, 7409950, 918683]"
125,"[890689, 874061, 8090513, 6546065, 931672]"
126,"[1043590, 1025611, 1103629, 1019497, 1044078]"
127,"[1044078, 12352089, 839243, 899624, 1096036]"
128,"[9420337, 1015296, 833866, 886317, 850028]"
131,"[1331582, 1085295, 1058543, 1405491, 1419980]"
132,"[5565784, 1045009, 820701, 999198, 1113111]"
133,"[5590661, 7024990, 12263857, 1127831, 951412]"
134,"[892221, 1044078, 6464170, 819255, 1096036]"
135,"[6395912, 918150, 982009, 959455, 961791]"
136,"[5569349, 1044078, 1015231, 8090509, 1096036]"
138,"[922651, 9419528, 979566, 5590613, 1006906]"
139,"[9673830, 1057102, 968695, 1074530, 995639]"
140,"[1013826, 1022795, 8090537, 829456, 1085031]"
141,"[863699, 1033220, 904148, 854261, 1005176]"
142,"[1074524, 1039484, 1093966, 867931, 997011]"
143,"[1043920, 1044078, 9836195, 1133018, 5590765]"
146,"[925449, 1082310, 1029174, 5590158, 1064755]"
151,"[917249, 999581, 1101706, 1117059, 963365]"
153,"[906655, 1062854, 1006063, 951221, 984575]"
156,"[6396581, 9526254, 7024844, 13115937, 6904747]"
157,"[2584454, 1046839, 12524174, 1110697, 995055]"
158,"[1100869, 1100818, 6551913, 12731714, 962822]"
159,"[1043590, 1096036, 1127758, 1025611, 1131344]"
160,"[1057365, 5580525, 12130522, 1011089, 977497]"
161,"[868764, 12352054, 9707454, 5568378, 869903]"
162,"[902856, 1031906, 841565, 13512060, 947013]"
164,"[1035836, 5995692, 872021, 839605, 896803]"
166,"[1075368, 944486, 1022827, 982112, 825365]"
167,"[9297151, 1009046, 893097, 1072693, 936374]"
168,"[1088414, 1044500, 848071, 12262492, 486782]"
169,"[1099164, 8119002, 1117116, 6463367, 898719]"
171,"[6633184, 905817, 1011779, 15595804, 926680]"
172,"[1044500, 906443, 986869, 1137221, 994542]"
174,"[930385, 837963, 9835451, 8181556, 1117500]"
178,"[963686, 845774, 1116376, 972312, 967461]"
183,"[819840, 923751, 1135681, 848071, 7147145]"
184,"[5572234, 896085, 907957, 6533140, 6534229]"
185,"[1044078, 1050534, 870428, 977288, 844179]"
187,"[929726, 6463464, 981082, 1097714, 6553737]"
188,"[1043590, 1331582, 1103629, 1025611, 911338]"
190,"[1002765, 868147, 852015, 832270, 975329]"
191,"[1007082, 1135460, 1035836, 1052945, 13672062]"
192,"[965543, 5995483, 1082212, 884756, 1002850]"
193,"[1001845, 1125199, 937686, 6704207, 9527408]"
194,"[1123224, 6391381, 1053403, 820347, 951412]"
195,"[821344, 7167836, 927159, 5995597, 1040788]"
196,"[1044078, 1102456, 935210, 870608, 1101173]"
197,"[1002591, 997988, 9881593, 1076597, 1135222]"
198,"[1044078, 1117121, 1043590, 899624, 991951]"
199,"[936508, 990004, 7409670, 1135195, 904537]"
200,"[17105257, 839248, 1037894, 13381483, 1032156]"
201,"[1108168, 1138292, 5569327, 9836811, 10150249]"
202,"[1107420, 1067494, 13095181, 13095312, 1081386]"
203,"[891752, 1014509, 9836526, 839346, 9835960]"
204,"[1105769, 996410, 9488064, 10356789, 1021057]"
205,"[848071, 1115577, 819840, 923751, 1026118]"
208,"[870372, 1064443, 854133, 883932, 1040781]"
209,"[1080472, 1067779, 5592931, 885430, 1043590]"
210,"[1034134, 1076146, 1044078, 1043590, 937736]"
211,"[847962, 841266, 1126808, 1006878, 1003158]"
212,"[6533362, 832442, 988835, 5564821, 1044078]"
213,"[1135932, 9297136, 866889, 1065778, 867931]"
214,"[10456226, 1019643, 1010590, 916487, 6772684]"
215,"[1101721, 6391089, 9837501, 14025461, 882288]"
216,"[927277, 874832, 6533936, 974204, 898867]"
217,"[906900, 841266, 1068576, 974579, 996087]"
218,"[894439, 931672, 13842088, 7144132, 6463949]"
219,"[1127831, 843689, 1047686, 879528, 5568447]"
220,"[12577433, 916050, 1003524, 844929, 9677378]"
221,"[6424460, 983210, 1070463, 820895, 955910]"
222,"[1010308, 819330, 999779, 1083856, 845294]"
224,"[1074509, 850925, 15596933, 1089021, 1078478]"
225,"[987122, 850601, 1102381, 1046789, 842434]"
227,"[996009, 898601, 7409785, 826272, 12301268]"
228,"[1095998, 8118727, 992153, 1139782, 6979174]"
230,"[1044078, 918462, 884333, 9832160, 5572828]"
232,"[1044078, 1096036, 859075, 9368132, 5592931]"
233,"[994868, 1115006, 15926927, 1073960, 1021235]"
235,"[970030, 862732, 7024990, 925112, 1054432]"
236,"[915617, 7409907, 8119157, 906838, 7433886]"
239,"[6978886, 1044078, 1065593, 910439, 1133018]"
240,"[1201344, 7409785, 1008173, 9420286, 1038728]"
242,"[853643, 1134882, 865156, 908504, 1104229]"
243,"[1135044, 7024990, 951412, 970030, 996114]"
244,"[1009200, 865555, 1124128, 10284972, 8276172]"
246,"[1048472, 1054186, 978313, 12731516, 925766]"
247,"[9676837, 9419487, 997080, 1131713, 1062728]"
249,"[1044078, 1127141, 1096036, 6919087, 883404]"
250,"[951590, 1067749, 923169, 923967, 890749]"
251,"[1044078, 970714, 1092552, 5568378, 907631]"
252,"[6513671, 9553183, 12757518, 859877, 12352190]"
253,"[1025611, 1043590, 1044078, 1103629, 928049]"
254,"[831536, 859237, 1123101, 835675, 862535]"
256,"[9655242, 1044153, 999631, 1017195, 7025326]"
257,"[1103629, 1043590, 1025611, 1127758, 1033615]"
258,"[5592931, 856207, 1095710, 883670, 1096036]"
259,"[881154, 1087605, 832768, 1071594, 5995158]"
260,"[821695, 6904786, 1028816, 898869, 6463772]"
262,"[1124971, 1008814, 1111986, 1076571, 13768181]"
263,"[1044078, 861494, 8019902, 13210025, 1043590]"
264,"[1124505, 5567605, 7167865, 961851, 6633210]"
265,"[9553183, 1076146, 13212996, 821562, 908988]"
266,"[1075793, 835285, 7024990, 871909, 824305]"
267,"[1060278, 901976, 954809, 935393, 9527500]"
268,"[868088, 834952, 945090, 1101173, 868082]"
269,"[1139782, 1002459, 1026984, 1044078, 1138953]"
270,"[940806, 825999, 831331, 1133312, 819210]"
271,"[1085256, 9365756, 937657, 1012859, 953493]"
273,"[1030455, 840601, 1034405, 6534480, 990869]"
274,"[1106073, 1008673, 920421, 1070015, 1046055]"
275,"[857554, 1046638, 900875, 1097497, 1017418]"
276,"[825317, 1089766, 847803, 1044078, 13115894]"
278,"[895680, 962283, 1070719, 6554202, 917384]"
280,"[978376, 1044078, 1044441, 12731544, 5578437]"
281,"[1066783, 1018050, 1083721, 855454, 5569583]"
282,"[6464074, 970030, 9677690, 8175869, 12524067]"
283,"[932530, 1002838, 7409644, 1061982, 1039937]"
284,"[1054802, 985949, 838563, 1023546, 1125272]"
285,"[878739, 928961, 1043590, 1044078, 9270796]"
286,"[1115069, 1100096, 9553154, 1072968, 868275]"
287,"[10204543, 985119, 1043590, 945200, 832492]"
288,"[932179, 848071, 1026118, 6534201, 1005456]"
289,"[9527295, 1062973, 1042765, 951412, 1137688]"
290,"[985893, 969687, 838797, 1043590, 995230]"
291,"[1043590, 1012873, 911311, 1120213, 5568378]"
292,"[1043920, 1135468, 1095998, 851676, 8020205]"
294,"[1088683, 905087, 1044078, 876695, 1048068]"
297,"[10285373, 1044078, 894124, 1110764, 859075]"
300,"[871756, 835618, 1044078, 1106523, 1043590]"
301,"[7025203, 6904747, 1015474, 929472, 9837153]"
302,"[857540, 860849, 842963, 10344586, 876705]"
303,"[822225, 9337581, 985911, 1044078, 908531]"
304,"[1044078, 9527184, 6979753, 9396821, 1100658]"
305,"[1139184, 6463727, 1133850, 1044089, 1131047]"
306,"[1044078, 838940, 1037863, 6424471, 1042907]"
307,"[1065259, 1029504, 1082172, 819765, 1106348]"
308,"[911401, 1043787, 970030, 8019954, 923654]"
311,"[925739, 837684, 976114, 1071277, 919558]"
312,"[1122545, 958647, 882941, 869916, 855874]"
314,"[925483, 12263339, 882308, 954210, 1005911]"
316,"[1043590, 1125891, 1025611, 869903, 1094174]"
317,"[894426, 842783, 906625, 1043787, 947316]"
318,"[8293751, 1119946, 948622, 1021324, 903602]"
321,"[9553042, 830203, 944823, 5995445, 976114]"
322,"[8090556, 6391384, 12524005, 835476, 6533394]"
323,"[979726, 863175, 906643, 853174, 820011]"
324,"[951412, 903325, 7024990, 1119405, 824305]"
325,"[965679, 916482, 1089025, 6772798, 9655679]"
326,"[1090931, 8090521, 1070639, 1110964, 973016]"
327,"[822115, 870608, 1064050, 963234, 1038462]"
328,"[951412, 7024990, 970030, 972191, 1127831]"
329,"[901062, 1022097, 10456468, 1127831, 919902]"
330,"[1031833, 948232, 1045109, 1074040, 835595]"
331,"[983659, 1044188, 1103752, 906777, 1043663]"
332,"[1056267, 1127831, 7160185, 916050, 13842090]"
333,"[983936, 1044078, 6979427, 937301, 960942]"
334,"[1018670, 1094562, 826144, 1064280, 942556]"
338,"[13002975, 1026118, 6979393, 848071, 1028816]"
339,"[1096036, 5592931, 894591, 953104, 1044078]"
342,"[6464056, 1044078, 867648, 821930, 824193]"
343,"[8119231, 951412, 848319, 1134398, 1034511]"
345,"[6602697, 856788, 885070, 855356, 1105623]"
346,"[905087, 1101010, 962615, 903019, 1037863]"
347,"[10456185, 9487403, 1110409, 985922, 835715]"
348,"[1043590, 1025611, 1096036, 1127758, 853124]"
349,"[1123655, 836645, 956840, 1136392, 934519]"
350,"[848878, 834103, 935463, 1082595, 13072850]"
351,"[894439, 1044078, 892573, 1087411, 9881834]"
353,"[951412, 1023858, 6978886, 845774, 6442870]"
354,"[1044078, 834631, 5568378, 1030182, 1101173]"
356,"[1056402, 1049735, 8357825, 1073150, 5590765]"
357,"[1071277, 10457112, 933809, 925579, 1098485]"
358,"[949294, 5568489, 872137, 879008, 1044078]"
360,"[8181495, 1073150, 911093, 953493, 959449]"
361,"[1044078, 844179, 906826, 1127831, 1004555]"
362,"[1081533, 1128395, 928932, 7024990, 900697]"
364,"[914245, 1044078, 850102, 40885, 1004906]"
365,"[955275, 1062128, 1023720, 943169, 933637]"
366,"[989985, 1044078, 1113111, 1128240, 972999]"
367,"[1058021, 1085637, 958153, 1127831, 961554]"
369,"[1038745, 1025611, 1043590, 8203848, 857074]"
371,"[951412, 903325, 961554, 942778, 1094107]"
373,"[8203753, 929286, 9802588, 6533813, 1096603]"
374,"[848071, 1015296, 819840, 1026118, 1094190]"
375,"[957164, 1058021, 1029504, 12183644, 1009813]"
376,"[1033615, 1043590, 945909, 844685, 1044078]"
377,"[1051718, 6979160, 994223, 1087960, 1126899]"
378,"[8119093, 1126786, 911411, 848783, 896949]"
380,"[1044078, 1098284, 935570, 6464069, 965766]"
381,"[1061228, 1031065, 1044078, 1096036, 937845]"
382,"[999250, 1108131, 845348, 1135634, 872991]"
383,"[951412, 837012, 7024990, 1061614, 8090513]"
384,"[1068957, 835285, 897953, 1007082, 7138817]"
385,"[903325, 5591520, 1087102, 859075, 8020205]"
386,"[1044078, 918733, 1096036, 1065122, 951176]"
387,"[1046756, 897922, 951412, 821788, 1093625]"
388,"[1029504, 13213203, 918462, 1031864, 1079338]"
389,"[1016210, 7024990, 951412, 1127831, 1019942]"
390,"[888543, 819400, 1072693, 1136958, 1058243]"
392,"[951412, 836645, 1100049, 6552253, 1041512]"
393,"[972312, 1044078, 838733, 1096036, 1043590]"
394,"[13008412, 925766, 1091520, 843558, 6391381]"
395,"[1093030, 1017890, 1104604, 1100691, 1088234]"
396,"[9677581, 857620, 834103, 970030, 1135460]"
397,"[6904613, 1107973, 876695, 931255, 1015280]"
398,"[838602, 871513, 1045220, 1129049, 1042395]"
400,"[5567702, 5566235, 1129300, 1044078, 894499]"
401,"[942166, 15571290, 841469, 1025611, 1043590]"
402,"[1136033, 13842090, 853448, 1091644, 1057102]"
404,"[948239, 951412, 992986, 889863, 1046262]"
405,"[7167836, 852853, 948670, 933060, 909497]"
406,"[1017739, 951412, 13071902, 834303, 8293486]"
407,"[5568661, 1137346, 1099036, 10149868, 1095113]"
409,"[13007600, 1053039, 922651, 951412, 9522352]"
410,"[819308, 13002975, 837647, 853553, 1096509]"
411,"[1046047, 899624, 9677874, 7408211, 1046689]"
412,"[849098, 982360, 1038745, 7409670, 7409664]"
413,"[1009449, 1033690, 970160, 5568606, 1036753]"
414,"[872066, 1014999, 956486, 1044078, 1043590]"
415,"[7167970, 921622, 10457471, 864893, 946442]"
417,"[7024990, 9484845, 1127831, 866828, 1070463]"
418,"[1134161, 12385477, 13190349, 9677624, 983316]"
420,"[918733, 889551, 1039857, 1005184, 942792]"
421,"[839152, 1038038, 9803483, 1044078, 10285120]"
425,"[824311, 988572, 986327, 843464, 1098910]"
426,"[899682, 822646, 1130111, 951412, 903325]"
427,"[12673354, 947797, 1061023, 877803, 1007437]"
429,"[904422, 937789, 898554, 1048260, 7024990]"
430,"[6391349, 932761, 847186, 844839, 1062973]"
432,"[1041476, 1030093, 914826, 851569, 1089766]"
433,"[996070, 849003, 1089392, 904973, 845053]"
434,"[891648, 1039781, 837751, 967757, 5565369]"
435,"[993233, 1096226, 967083, 2584454, 860720]"
437,"[6533878, 877310, 830374, 12577352, 1120009]"
438,"[1014802, 873902, 9881593, 951197, 972894]"
441,"[1038985, 1124971, 1060363, 6602729, 1108854]"
442,"[7167853, 9526624, 913270, 989703, 1085604]"
443,"[982393, 6533140, 10457237, 9396705, 13842104]"
446,"[979057, 954966, 972969, 10149032, 1095246]"
447,"[1072298, 1057260, 1086713, 926905, 6534578]"
449,"[9934800, 1017879, 1081386, 906883, 15925334]"
450,"[13842214, 8015407, 905539, 1083328, 998206]"
451,"[999189, 934639, 5567926, 1006111, 1109014]"
454,"[998621, 1043590, 899624, 1044078, 996009]"
457,"[9829787, 927841, 6391280, 1073244, 831536]"
458,"[828588, 922651, 1023958, 910439, 925579]"
459,"[12262832, 972312, 13007846, 936270, 923149]"
460,"[1017459, 7024990, 993466, 935342, 958549]"
461,"[1117473, 984827, 918684, 867667, 888614]"
462,"[1024489, 1106073, 7024990, 1127600, 853522]"
463,"[929484, 838797, 857006, 12330376, 1043590]"
464,"[5564233, 12385374, 841266, 1000329, 12599601]"
466,"[895652, 7147145, 886814, 1025611, 12524275]"
467,"[9296804, 6979089, 848071, 7409785, 927277]"
468,"[5590465, 1026346, 1043590, 851129, 1098284]"
469,"[951412, 1127831, 7024990, 972437, 1098248]"
470,"[908314, 840601, 1119784, 1080884, 1006277]"
471,"[1119405, 1095246, 905809, 1001475, 6633342]"
474,"[1088683, 838739, 1043590, 1103903, 1003836]"
477,"[1015848, 900697, 1109090, 892264, 948232]"
478,"[8203851, 919558, 9655696, 1009128, 963339]"
479,"[1044078, 1085604, 1011414, 974579, 827570]"
480,"[970030, 7024990, 891520, 925112, 1044275]"
482,"[1025611, 1043590, 1044078, 6396492, 846823]"
483,"[5592931, 1043590, 1118533, 1044078, 1086483]"
484,"[1048750, 10198402, 1098910, 1009769, 1054644]"
485,"[7168431, 910151, 872021, 996156, 1044078]"
487,"[15831255, 1033707, 9337193, 5590390, 1113780]"
489,"[858743, 1019247, 878290, 7024990, 864617]"
491,"[1046839, 1039927, 9837076, 938394, 1022097]"
493,"[947267, 954495, 1093697, 998741, 1070723]"
495,"[1024032, 974250, 6533641, 1044078, 906443]"
497,"[12428210, 1083328, 9707137, 8276172, 977854]"
502,"[1043590, 1044078, 1025611, 972143, 1033615]"
503,"[971983, 1073150, 1035600, 1124505, 970030]"
505,"[962991, 7441498, 1032208, 978155, 918441]"
506,"[1058133, 201704, 890604, 956067, 1007259]"
507,"[1008012, 1073150, 1109374, 1127716, 1035143]"
508,"[1025611, 1103629, 1127758, 969205, 12188584]"
510,"[850676, 901062, 10351524, 970030, 1127831]"
511,"[1044078, 1071171, 1096036, 879755, 9881834]"
513,"[1018740, 983959, 990897, 1034176, 865026]"
514,"[1126786, 923169, 1127831, 6391534, 1125891]"
515,"[854270, 13115894, 1040842, 919948, 1044078]"
516,"[8175901, 1008291, 13776705, 878128, 897295]"
517,"[7024990, 951412, 13411933, 1135460, 1053931]"
518,"[915064, 6391532, 6395943, 10457131, 901460]"
520,"[855031, 1044078, 840697, 842350, 859075]"
521,"[848071, 1090820, 819840, 923751, 9297575]"
523,"[904815, 6704319, 970861, 898121, 1110572]"
524,"[878996, 1023720, 853553, 901287, 1082185]"
525,"[9930055, 1016195, 824305, 907061, 832746]"
526,"[1103187, 859075, 1044078, 962343, 1123035]"
527,"[1046584, 1131321, 12987976, 6514259, 7169090]"
531,"[880888, 870826, 7146026, 1047450, 9297055]"
533,"[1002459, 1096036, 1043590, 5592931, 1044078]"
534,"[841228, 1027773, 1050699, 1130111, 1047523]"
537,"[1128163, 1124148, 1009200, 918098, 1076366]"
538,"[1076374, 12352204, 1119405, 906838, 995478]"
539,"[14077333, 1000840, 15716719, 1039566, 1130877]"
540,"[6391381, 9676944, 1000237, 9297474, 1047769]"
542,"[824796, 852181, 1044078, 1089108, 895454]"
543,"[989409, 879734, 1046827, 12301405, 5565664]"
544,"[922651, 1068957, 8069350, 977166, 7409664]"
545,"[1058068, 903463, 879528, 9297609, 8119301]"
547,"[966005, 5564683, 924004, 8358383, 938858]"
548,"[956200, 970028, 7409971, 831407, 1068832]"
550,"[1108488, 917438, 1020404, 1130716, 835098]"
552,"[1043590, 1044078, 1088191, 1119761, 863885]"
553,"[1030362, 842416, 1117602, 1017072, 951590]"
554,"[867785, 1120970, 1019099, 982469, 1034886]"
557,"[846634, 819330, 10285296, 879280, 1110142]"
558,"[1044078, 1043590, 1039796, 883932, 989150]"
560,"[831181, 6464208, 1044078, 1100140, 1108854]"
562,"[1115069, 957951, 6442750, 6442441, 928559]"
563,"[963542, 12757140, 847634, 8090545, 8292967]"
564,"[900175, 1039505, 1083071, 7168521, 881074]"
566,"[1052079, 993638, 861445, 1085604, 986912]"
567,"[1089766, 13777104, 1044078, 877662, 1043590]"
568,"[1043590, 1025611, 1103629, 5592931, 905817]"
569,"[7024990, 1042915, 1097280, 8293385, 951412]"
570,"[843728, 9676938, 12672980, 12810391, 960872]"
574,"[914754, 1026334, 12352054, 1059922, 891505]"
575,"[855718, 1133101, 1049735, 953561, 1027569]"
576,"[989830, 1093658, 931579, 1072799, 8181477]"
577,"[1042345, 1071336, 925766, 10457519, 823687]"
578,"[13007352, 942166, 1060912, 1012284, 13007355]"
579,"[6534201, 6533880, 1069181, 854731, 5569397]"
580,"[1118946, 13115898, 966348, 13007352, 7167967]"
581,"[1084796, 938849, 873654, 13777104, 1044895]"
582,"[951412, 1021324, 9396673, 903325, 1121533]"
583,"[1076306, 6533878, 7147475, 7409670, 1021324]"
586,"[823365, 980666, 906335, 9677874, 990004]"
587,"[863449, 1126830, 1006835, 952434, 919427]"
588,"[1097363, 916654, 1023473, 1012330, 838733]"
590,"[888650, 1136353, 1043590, 8019534, 1102845]"
591,"[1065017, 1043590, 933067, 1044078, 5568378]"
593,"[853998, 1104027, 5592931, 958647, 1044078]"
594,"[1044078, 881074, 1043590, 8090537, 1055790]"
595,"[6513719, 850028, 847853, 1036139, 886317]"
596,"[1025581, 1043590, 1108131, 9527159, 896613]"
598,"[9553382, 986187, 1047923, 12731544, 1034405]"
600,"[6463986, 991592, 872791, 1097815, 13842100]"
602,"[17105257, 995916, 999613, 944139, 1019707]"
603,"[1043590, 1103629, 1025611, 5592931, 1044078]"
604,"[7441668, 834129, 7024990, 1100872, 10150194]"
605,"[13133916, 931672, 993441, 856790, 965772]"
606,"[848107, 843346, 1058686, 990688, 932179]"
608,"[1038462, 7409845, 7024844, 1025611, 1013928]"
610,"[8118969, 8293382, 961399, 1041476, 9296853]"
611,"[7409663, 1045249, 6534201, 8090610, 940090]"
612,"[12132648, 1103476, 826695, 15741861, 5568378]"
613,"[911724, 1053931, 1066893, 7147915, 821930]"
614,"[859426, 1106894, 1015612, 975633, 9527161]"
615,"[15972817, 1086713, 5569201, 10341234, 12731434]"
617,"[1137176, 10345155, 865856, 970725, 909249]"
618,"[947798, 866540, 1085604, 1044078, 841683]"
621,"[1112825, 7024871, 13506200, 960528, 7025202]"
622,"[13213202, 6442908, 1029688, 927030, 1031260]"
623,"[1014732, 5590158, 1082310, 896974, 920081]"
624,"[5592931, 1044078, 1043590, 9881834, 8069336]"
630,"[880895, 6443350, 1106271, 962568, 6423911]"
631,"[9913338, 7024990, 899682, 878445, 1009631]"
632,"[1093301, 989144, 1035125, 988778, 907392]"
633,"[1046789, 1040530, 1044078, 8119129, 833940]"
636,"[5592931, 5981074, 1096036, 1043895, 10457128]"
637,"[1114811, 926905, 5568378, 1044078, 925437]"
638,"[1053530, 1059347, 924427, 1003552, 844179]"
640,"[891393, 1088414, 966005, 988208, 1101932]"
641,"[7024990, 5572803, 1009368, 951412, 1027216]"
643,"[833014, 1109553, 6424472, 949488, 868386]"
644,"[1019637, 821083, 969494, 1096066, 980723]"
647,"[969039, 8090536, 1044078, 1038325, 5568378]"
648,"[1046262, 903325, 835351, 9242397, 5578547]"
650,"[5978585, 1620533, 1499569, 1582467, 1516066]"
652,"[1101932, 865891, 847344, 820378, 998424]"
653,"[1044078, 1096036, 899470, 1122732, 965292]"
654,"[1096842, 9836752, 937413, 1031833, 9571047]"
655,"[1125944, 1103629, 826580, 1044078, 12810389]"
658,"[1043590, 1044078, 869047, 981521, 1068719]"
659,"[1015508, 982009, 986727, 1009333, 917654]"
660,"[908504, 1003257, 886996, 1004950, 7025203]"
661,"[1004596, 1138292, 851188, 1108168, 12262978]"
662,"[883670, 1095710, 12695508, 897808, 1115098]"
663,"[837908, 908531, 9420312, 1128647, 954495]"
665,"[931124, 847529, 935460, 1071171, 13072850]"
666,"[1043590, 972235, 1089066, 905537, 1062973]"
667,"[1106308, 1058272, 14025321, 1110975, 1026550]"
668,"[1135460, 1130111, 15596429, 1062782, 896369]"
669,"[7024990, 951412, 1127831, 1119405, 878996]"
670,"[840640, 975215, 1127831, 7024990, 899115]"
671,"[847434, 8273950, 1084781, 8273833, 982790]"
672,"[1044078, 857283, 948651, 830245, 1136257]"
673,"[6533182, 1080784, 5563934, 1025611, 1136755]"
674,"[1025611, 1103629, 1043590, 972143, 1044078]"
675,"[910673, 1043590, 940023, 1044078, 985055]"
676,"[848878, 1044078, 5592931, 1095227, 1065593]"
680,"[832442, 1106373, 844179, 892008, 891028]"
681,"[8019916, 872066, 967461, 850102, 5568378]"
684,"[872702, 5995340, 10457233, 879689, 945649]"
685,"[13115493, 1129049, 13115971, 1098910, 1013578]"
687,"[937110, 7168026, 990453, 1083840, 5569349]"
690,"[1088771, 922561, 1043590, 1092264, 6424471]"
691,"[1046827, 912914, 13008326, 1095100, 919535]"
692,"[1067443, 995311, 1004436, 9836526, 938283]"
693,"[1130375, 983267, 1044188, 8090536, 1127831]"
694,"[1138423, 1037840, 844165, 5591359, 910095]"
695,"[963339, 835499, 13039088, 993639, 6979248]"
696,"[1127831, 1048483, 1055956, 931136, 878996]"
697,"[1080853, 970030, 6633210, 951412, 1039870]"
698,"[1069175, 1096036, 1085256, 9297150, 1056847]"
699,"[6554202, 847066, 1078763, 1118046, 1026945]"
700,"[1124695, 1044078, 884774, 909249, 1062782]"
701,"[913026, 1088429, 1104647, 837304, 1070064]"
702,"[8177622, 985605, 9835947, 961991, 1108844]"
703,"[1035836, 883068, 913144, 988208, 916575]"
705,"[912112, 871876, 913249, 1096851, 1004945]"
706,"[1125199, 1107973, 922651, 7168129, 991747]"
707,"[1057102, 1127831, 1005609, 842930, 1136257]"
708,"[910439, 7168774, 845208, 12524174, 996070]"
709,"[1044078, 947798, 891505, 889692, 1077231]"
710,"[934131, 1070639, 1044078, 968737, 6553737]"
711,"[975649, 860174, 1038467, 828393, 1036470]"
712,"[7024990, 904833, 1033857, 951412, 1027569]"
713,"[841266, 6919458, 966832, 1098141, 1064919]"
714,"[1004097, 819765, 1044078, 1036936, 5568378]"
715,"[6463520, 1025611, 1082269, 1087102, 1043590]"
716,"[12263841, 1127831, 7024990, 1057102, 857220]"
717,"[9673969, 1016298, 7025517, 888236, 9488057]"
718,"[1044078, 1096036, 8203599, 944486, 962568]"
719,"[902238, 1016260, 1009200, 7166862, 1035207]"
720,"[1115069, 1056212, 895268, 1055044, 1055504]"
721,"[7168286, 1041032, 1079482, 1111080, 1014860]"
722,"[920958, 893641, 885356, 832007, 13987153]"
723,"[827079, 9419443, 15596488, 1071343, 7025189]"
725,"[1044078, 1048893, 1096036, 899624, 1038217]"
726,"[1065129, 995965, 1040701, 830941, 1007959]"
727,"[1043590, 1025611, 1103629, 830795, 867648]"
728,"[7410016, 1069039, 1018243, 1080677, 896611]"
729,"[1870702, 1903190, 1913500, 1987417, 2061589]"
730,"[6391063, 6979089, 5566752, 954347, 971983]"
731,"[5572828, 943513, 937649, 1068504, 1058272]"
733,"[1000170, 1042942, 1121636, 9487306, 870390]"
734,"[1000753, 1070702, 855434, 845163, 979312]"
735,"[1043663, 896958, 1069538, 999226, 1041032]"
736,"[13115903, 918684, 9526841, 1079840, 955921]"
740,"[1099945, 926656, 1128539, 1127831, 903325]"
741,"[1099036, 13213604, 903738, 1109598, 1129315]"
742,"[5592931, 838602, 6396581, 1096036, 940024]"
743,"[1121808, 1043590, 969703, 1100691, 1059902]"
744,"[962568, 1127831, 903325, 961554, 9832070]"
745,"[8203451, 1024998, 8069350, 954216, 941189]"
747,"[1021715, 1086740, 961024, 990297, 893018]"
748,"[1103476, 1108168, 1044078, 1043590, 1037894]"
749,"[12672980, 6552522, 852793, 1055996, 1119399]"
750,"[834833, 13212967, 1065941, 858903, 1124352]"
752,"[10285005, 943892, 10312347, 961554, 1023979]"
753,"[5995597, 10285005, 937649, 952896, 847207]"
754,"[1036347, 1016785, 7024990, 9859052, 1076187]"
755,"[7168890, 10355865, 971540, 1129300, 1127831]"
757,"[960199, 1071594, 913814, 9655305, 930344]"
759,"[1043084, 7466911, 1040434, 1102929, 857294]"
761,"[905072, 9934800, 1127831, 7024990, 6534406]"
762,"[1011300, 906262, 10254379, 9854913, 7024990]"
764,"[1028422, 9420067, 1129949, 8357613, 1137688]"
766,"[7024990, 9547021, 951412, 901062, 837684]"
767,"[12263464, 6979005, 1077430, 962822, 1042571]"
768,"[5592030, 993617, 1044078, 853998, 1067954]"
769,"[5569303, 945200, 8019649, 907652, 826860]"
770,"[1044078, 10285185, 1086252, 1085138, 1056479]"
771,"[883670, 1077439, 1095710, 968936, 1044078]"
773,"[835973, 1000586, 1092354, 9837394, 10285005]"
776,"[1012873, 901762, 1044078, 1043590, 899624]"
777,"[12782182, 1072206, 862725, 1059823, 839188]"
779,"[6533362, 1032967, 1051434, 951412, 848319]"
781,"[7410013, 5578437, 847239, 12524174, 1001277]"
784,"[1036939, 1139782, 861792, 6534515, 903325]"
786,"[878715, 972665, 907647, 1044078, 9858850]"
787,"[1044507, 5567702, 1062854, 1014475, 5995778]"
788,"[996425, 1108131, 1044078, 1043590, 844839]"
789,"[1110779, 996310, 1037720, 838738, 13115524]"
790,"[9297055, 1125391, 892406, 937686, 994149]"
794,"[950638, 1021834, 999913, 959455, 990981]"
795,"[956125, 872021, 1044078, 1062698, 864532]"
796,"[969866, 871252, 850058, 993638, 932175]"
798,"[961803, 12427486, 9677052, 9655679, 9420286]"
799,"[12428210, 7408211, 5565447, 970119, 975155]"
800,"[953180, 961554, 9676997, 10285006, 6391133]"
801,"[10285141, 873178, 1004341, 982958, 909497]"
802,"[1094004, 928833, 898601, 1128647, 908531]"
803,"[1041688, 969866, 884089, 1043590, 1044078]"
804,"[1044078, 5592931, 1005172, 1134522, 1096036]"
805,"[965821, 1044078, 1029624, 899624, 1096036]"
806,"[1135932, 868539, 7024871, 1135355, 890955]"
807,"[5995503, 8090653, 977831, 896444, 7409785]"
808,"[1070928, 1016800, 12188042, 8249432, 954966]"
810,"[848071, 1028816, 961979, 938849, 883616]"
811,"[1076374, 995188, 859026, 6979030, 898023]"
813,"[6534030, 884896, 1037337, 940726, 935393]"
814,"[1116007, 925766, 1065835, 1054080, 832492]"
816,"[878667, 938187, 1097704, 901460, 9297561]"
817,"[1060673, 1125530, 1079338, 1122928, 856345]"
818,"[9297191, 7168431, 1019881, 929127, 948119]"
820,"[865189, 983659, 852015, 1043663, 896958]"
822,"[852303, 917407, 933060, 948848, 912914]"
823,"[1118946, 12757653, 1029477, 835578, 947798]"
824,"[1086061, 1046689, 916050, 972894, 13115579]"
825,"[951412, 7024990, 1127831, 970030, 1058997]"
826,"[986869, 943833, 12384431, 961620, 908866]"
829,"[10457233, 1018740, 960791, 958729, 1046679]"
830,"[1089066, 851147, 993512, 1044078, 913046]"
831,"[1069003, 951590, 1079820, 885406, 1048440]"
836,"[905459, 877358, 851287, 1080472, 15511302]"
837,"[10204822, 1084349, 8090549, 943780, 1056775]"
840,"[1090884, 1019497, 865569, 1112238, 968359]"
841,"[852015, 966379, 1135681, 1120970, 1044078]"
842,"[1044078, 1096036, 1043590, 954363, 5592931]"
844,"[5566472, 1127831, 915787, 998912, 7024990]"
845,"[8090533, 5564948, 1058997, 1118479, 1071594]"
846,"[1028747, 851716, 907631, 14025461, 9297136]"
847,"[1005274, 12330606, 1001827, 1008074, 1127831]"
848,"[995502, 1082311, 826666, 9365106, 870608]"
850,"[845109, 1106373, 991411, 1122876, 1127758]"
852,"[1076187, 7024990, 848319, 1127831, 1048260]"
853,"[1085476, 911017, 1003257, 970030, 6602729]"
854,"[945998, 862488, 9575543, 1074697, 1080662]"
855,"[1035836, 893851, 864658, 963868, 8159536]"
856,"[1127758, 1011974, 8180927, 910673, 9419487]"
857,"[839262, 868548, 850529, 1093030, 912004]"
858,"[6554588, 957950, 967762, 12183644, 903526]"
859,"[1075368, 5569230, 1127716, 1044078, 951590]"
861,"[1075796, 851147, 1009518, 1072523, 1132036]"
862,"[1043590, 1103629, 1025611, 5586797, 951190]"
863,"[1058686, 5569135, 819308, 1102456, 888004]"
864,"[1044078, 1096036, 1104481, 1043751, 833025]"
865,"[1092552, 6443332, 7410344, 1008074, 957411]"
866,"[1044078, 1086740, 5592931, 1043590, 1001788]"
867,"[5995597, 9677886, 937928, 9837501, 1110409]"
868,"[1027569, 1079913, 9884484, 930955, 825994]"
869,"[8019216, 5592931, 965701, 963036, 826842]"
871,"[897083, 10182862, 10182664, 851675, 951412]"
875,"[836085, 911622, 1040829, 13213015, 1115775]"
876,"[12782182, 843418, 10307179, 1120559, 1019751]"
877,"[7024990, 12949746, 12385844, 10456152, 1113667]"
878,"[1043590, 1025611, 1044078, 1103629, 985893]"
879,"[6424447, 870633, 847631, 9553042, 890511]"
880,"[1058272, 1117824, 1110779, 1127396, 1047672]"
881,"[9884698, 1044078, 5592931, 1096036, 859075]"
882,"[1018605, 1044078, 859075, 9677543, 1065871]"
883,"[9420181, 951412, 903325, 1110111, 8090440]"
884,"[865189, 974156, 1125492, 1085604, 921622]"
885,"[935284, 1044078, 975649, 13115442, 1006483]"
886,"[863762, 1078329, 957190, 876806, 849274]"
887,"[1130716, 1019196, 1043590, 937060, 1111825]"
888,"[1131382, 851676, 1000237, 961554, 862130]"
889,"[1127831, 842707, 9553335, 12263279, 882434]"
891,"[8090956, 945652, 1093571, 6979089, 951190]"
893,"[9677126, 9296965, 1075275, 13382308, 946244]"
894,"[1138631, 932179, 1137688, 1003638, 890694]"
895,"[9829205, 1008596, 1044169, 1112238, 977166]"
897,"[1044507, 1062854, 928263, 945372, 6464173]"
898,"[951412, 1012284, 1028816, 891542, 848319]"
900,"[1107661, 1126045, 1106091, 1018740, 879393]"
903,"[7024990, 1026235, 885406, 1057836, 925112]"
904,"[9836693, 891505, 1076374, 1115801, 1029619]"
906,"[1048237, 1137507, 1127758, 5587938, 862070]"
907,"[1099058, 950550, 925449, 1125477, 873654]"
908,"[1078666, 891377, 7024990, 1057260, 1104343]"
909,"[9526630, 9935616, 1048507, 7409785, 7024990]"
911,"[951412, 903325, 1035843, 970030, 961021]"
913,"[824758, 1093490, 1134810, 8019977, 7138817]"
914,"[1064002, 1073150, 880377, 981877, 13512711]"
915,"[1036753, 853354, 10284931, 910439, 837167]"
916,"[824193, 1054945, 6961601, 845868, 938463]"
919,"[1128647, 10457518, 6391532, 6704035, 9835960]"
920,"[5592931, 6034239, 7152455, 1097001, 1106523]"
922,"[827332, 850768, 1132198, 841905, 1125530]"
924,"[6391541, 1098694, 6553737, 974524, 892500]"
926,"[995478, 903325, 956813, 1134633, 12330794]"
927,"[922651, 990897, 1080317, 1098815, 952122]"
928,"[861499, 843064, 824305, 829852, 8175869]"
929,"[1009200, 981716, 844441, 845193, 901543]"
930,"[917033, 1050741, 1136958, 1022827, 1107553]"
931,"[958700, 866043, 824931, 883819, 1044078]"
934,"[1044078, 996444, 1093113, 961554, 859075]"
935,"[1120261, 828588, 1127831, 1056746, 987311]"
936,"[931297, 12263108, 1105411, 1044078, 937649]"
937,"[1020156, 963703, 10341697, 840609, 972445]"
939,"[1044078, 9420312, 949488, 1043590, 1096036]"
940,"[821565, 975649, 9526448, 1055328, 1075277]"
941,"[938849, 6464166, 1052325, 927382, 874750]"
943,"[5592931, 940090, 1044078, 1043590, 13381584]"
944,"[997309, 903609, 1071336, 883932, 895311]"
946,"[1043590, 1044078, 910673, 937343, 1020156]"
947,"[1134296, 895930, 1117723, 864312, 1022801]"
949,"[850841, 1074868, 7168057, 5568378, 929751]"
951,"[821025, 977481, 5567876, 1022848, 882802]"
952,"[855302, 1002980, 966379, 9677877, 827271]"
953,"[6979427, 877310, 903233, 952893, 907128]"
954,"[1516066, 5978585, 1620533, 1499569, 1582467]"
955,"[1103629, 1120970, 1043590, 5568378, 867648]"
956,"[955858, 988275, 1043590, 879922, 1003487]"
957,"[10204488, 943522, 1011141, 1032703, 937614]"
959,"[1029272, 10455984, 918150, 13654702, 1082485]"
960,"[886395, 1053016, 6979437, 7024990, 1092221]"
961,"[1135932, 1088234, 1119993, 1100140, 1078440]"
964,"[956125, 917654, 961747, 15924953, 901557]"
965,"[868953, 9881834, 1044078, 6904613, 5592931]"
967,"[948119, 909130, 962822, 1087397, 962283]"
968,"[965797, 5995597, 1096036, 1006760, 1044078]"
969,"[940806, 989249, 1112238, 1019212, 8181417]"
971,"[1119399, 7410342, 951071, 6602199, 13212996]"
972,"[1870702, 2045856, 2024528, 1864101, 1882245]"
973,"[913894, 948495, 1085435, 5567474, 1009046]"
975,"[910151, 868888, 856215, 985911, 998536]"
976,"[1127831, 1019028, 7024990, 977344, 859075]"
978,"[13987010, 1127831, 7024990, 948225, 1071244]"
979,"[948495, 904236, 879506, 5995609, 888586]"
981,"[5582712, 1097909, 13512060, 1092937, 1007210]"
982,"[9526673, 852065, 1054030, 1044078, 1073086]"
983,"[1072494, 1044078, 833025, 5568378, 917760]"
984,"[1076855, 861706, 1000205, 936271, 856788]"
985,"[962568, 907647, 1127831, 827261, 1059342]"
986,"[1134143, 5567292, 1116635, 5572220, 880895]"
987,"[918684, 1034176, 1044078, 1043590, 893518]"
988,"[906345, 988116, 1056775, 1073150, 1008814]"
989,"[897678, 945294, 1044078, 1089766, 899624]"
991,"[9553193, 9799034, 932179, 1022388, 6424464]"
992,"[5567319, 5995597, 9487286, 896074, 939323]"
993,"[8293439, 1015113, 8293425, 970030, 1048272]"
996,"[871636, 1004909, 953539, 853038, 1044078]"
997,"[201704, 28897, 372396, 43020, 197681]"
998,"[1044078, 1043590, 899624, 8090521, 871756]"
999,"[6704207, 873771, 1012873, 1006474, 5981074]"
1000,"[12427353, 1076065, 863632, 1125948, 1006187]"
1001,"[1104475, 8090570, 962522, 1114319, 1041459]"
1003,"[5590695, 1044078, 832442, 1068669, 1024051]"
1004,"[859154, 956672, 10344971, 15452599, 877210]"
1005,"[835476, 1044078, 906226, 977266, 1101449]"
1007,"[9526666, 1083461, 835619, 7410342, 1079292]"
1008,"[821970, 910473, 9673830, 1123224, 7168968]"
1010,"[1113460, 10284966, 860037, 1008675, 902037]"
1011,"[951412, 1077497, 1119405, 1029605, 916122]"
1012,"[8181477, 7408211, 961846, 1126059, 5995158]"
1014,"[965701, 1044078, 5592931, 1043590, 1127758]"
1015,"[1005911, 1125943, 857503, 6979578, 6773232]"
1018,"[883068, 9677846, 9655685, 862732, 951590]"
1019,"[819840, 848071, 970152, 1008736, 1026118]"
1020,"[977481, 920695, 889649, 13007355, 828278]"
1021,"[10345155, 10344971, 10344585, 830202, 893629]"
1023,"[1022097, 927011, 9859182, 1103752, 919423]"
1024,"[1044078, 1092026, 899624, 1096036, 1043590]"
1025,"[824311, 1044078, 1043663, 10121981, 1128464]"
1027,"[1059075, 911409, 843306, 862799, 887986]"
1029,"[964521, 6391213, 1089225, 7024990, 9526630]"
1030,"[9487769, 931124, 7024830, 1108152, 7166866]"
1034,"[837669, 907099, 965217, 934639, 895268]"
1038,"[843567, 856914, 910673, 5592931, 12781608]"
1039,"[9419422, 938512, 827578, 829955, 8119103]"
1040,"[1007082, 999090, 857620, 6396566, 841905]"
1041,"[1043590, 1103629, 1127470, 1025611, 1044078]"
1042,"[5995158, 859075, 5569098, 951412, 1048352]"
1043,"[1793777, 1870702, 1779222, 1913500, 1987417]"
1045,"[985893, 1043663, 822407, 835285, 1127831]"
1046,"[6919515, 13071902, 823862, 1005898, 908312]"
1047,"[12484491, 1097382, 1044078, 825970, 875647]"
1050,"[1044299, 13381584, 972312, 1037863, 1068719]"
1051,"[541711, 762311, 1110867, 751280, 861961]"
1053,"[951412, 8293426, 970030, 1057102, 5578547]"
1057,"[892531, 1098310, 1072968, 861706, 916990]"
1058,"[1112754, 898869, 901976, 1077103, 1016982]"
1061,"[1025611, 1043590, 1103629, 1127758, 844462]"
1062,"[1127624, 949142, 1096036, 1042942, 5565784]"
1064,"[985699, 825176, 1105120, 1017772, 942778]"
1066,"[1053019, 883932, 980263, 1096261, 1037863]"
1067,"[1044078, 916050, 931671, 1043590, 859075]"
1068,"[1044078, 919948, 1025611, 937110, 1103629]"
1069,"[923314, 5570467, 9419443, 1127838, 989069]"
1070,"[1075074, 908064, 6533936, 1134398, 859075]"
1071,"[963228, 887691, 832288, 9368294, 1093021]"
1073,"[885356, 994894, 1058686, 1013597, 1058997]"
1074,"[9297177, 943233, 8020171, 6514160, 7166865]"
1075,"[938554, 1139303, 1103629, 1047968, 892768]"
1076,"[948381, 1090931, 8090521, 1084968, 12262978]"
1077,"[891632, 1045659, 1103957, 1099503, 883932]"
1078,"[848071, 1026118, 932179, 928092, 878996]"
1080,"[949023, 983659, 1000856, 860947, 1043663]"
1081,"[951412, 927860, 899624, 5570882, 1022097]"
1082,"[1051626, 1128698, 955910, 1072706, 859010]"
1083,"[908843, 6391501, 13073225, 832001, 8019534]"
1084,"[886103, 1025628, 967395, 843744, 6704207]"
1085,"[938849, 1089108, 1044078, 1016538, 6602775]"
1086,"[1008074, 1071447, 830156, 977093, 866755]"
1087,"[1044078, 1043590, 899624, 1096036, 1118533]"
1088,"[1045478, 997011, 12525082, 1066289, 913785]"
1089,"[1092552, 947798, 5592931, 871513, 992650]"
1090,"[13008184, 941797, 892376, 863699, 1104785]"
1091,"[1070497, 827114, 1139142, 887618, 987423]"
1092,"[1067779, 1039627, 962283, 1019722, 859075]"
1093,"[878676, 967994, 1013407, 869322, 906128]"
1094,"[1048746, 1011832, 7144132, 1044078, 972037]"
1096,"[1035390, 1111605, 1090676, 6704134, 9266262]"
1097,"[908988, 851066, 1024816, 9676837, 857130]"
1098,"[9526757, 8359154, 898869, 969945, 1047971]"
1100,"[987694, 1037621, 9677306, 896804, 1007259]"
1102,"[1133826, 915869, 910673, 1043590, 1105488]"
1103,"[1042345, 862535, 977854, 9297017, 6464173]"
1104,"[1113768, 7025203, 1129610, 1085780, 901460]"
1105,"[851231, 1091408, 829617, 890620, 838739]"
1106,"[12757316, 991735, 1064299, 10355878, 1077422]"
1108,"[1870702, 1903190, 1104882, 970714, 833870]"
1109,"[9296957, 7024990, 1109014, 854852, 1078011]"
1110,"[1870702, 1793777, 1779222, 1882311, 2028657]"
1111,"[848071, 819840, 1025650, 1028816, 1026118]"
1112,"[990688, 951141, 972445, 870426, 822348]"
1113,"[970030, 1116821, 961554, 1100124, 1127831]"
1114,"[1046555, 1000672, 1067494, 884518, 1060673]"
1115,"[963234, 951412, 951954, 7024990, 9705603]"
1117,"[825176, 903084, 866548, 917816, 5572738]"
1119,"[892376, 5564931, 956284, 12330856, 1103898]"
1120,"[843127, 12524174, 7025094, 1023830, 1029684]"
1121,"[1096727, 902846, 969977, 983267, 889947]"
1123,"[909899, 842783, 5570398, 870428, 840227]"
1124,"[1044078, 1096036, 5592931, 952317, 1128647]"
1127,"[5565719, 858918, 7025202, 1122532, 834952]"
1128,"[1043663, 943398, 966379, 995852, 9297154]"
1129,"[869910, 857620, 893221, 901754, 6773115]"
1130,"[1043590, 910673, 5590158, 1127758, 1044078]"
1131,"[866043, 950206, 10285003, 13380863, 1044078]"
1132,"[1025611, 1043590, 1103629, 1044078, 5563934]"
1133,"[1126375, 1127831, 9677152, 878996, 864615]"
1134,"[981591, 7024990, 1031697, 855914, 903258]"
1135,"[972235, 7025275, 887342, 9836693, 1103691]"
1136,"[1044078, 1043590, 1058272, 1096036, 5592344]"
1137,"[1096261, 841228, 860975, 1038171, 1058930]"
1138,"[909396, 941515, 5571444, 897752, 1022053]"
1139,"[956127, 1131625, 5567176, 1005172, 961756]"
1141,"[1011572, 1022428, 1084008, 902202, 1095700]"
1142,"[1054185, 878715, 991435, 965848, 961554]"
1145,"[1043590, 1025611, 1044078, 1112754, 1103629]"
1146,"[1043590, 955854, 6602335, 912949, 1120970]"
1147,"[926905, 1090931, 7025203, 844697, 13008136]"
1149,"[1113675, 950638, 848071, 919681, 9799034]"
1151,"[982469, 13189919, 1136524, 972143, 1135253]"
1152,"[1110111, 1048445, 963234, 7409670, 904958]"
1154,"[971983, 841365, 844441, 1007210, 1040829]"
1155,"[926905, 6463583, 929751, 7409893, 1044078]"
1157,"[855138, 9487403, 954673, 1077048, 945805]"
1158,"[1054945, 1049735, 8357825, 856788, 1073150]"
1159,"[916050, 1097280, 8090556, 1050741, 913894]"
1160,"[1044078, 1043590, 1096036, 1025611, 5592931]"
1161,"[938849, 1035843, 1046839, 1135573, 944376]"
1163,"[856788, 12263788, 9522059, 926033, 1044078]"
1164,"[1119405, 1033977, 1084613, 893676, 10285186]"
1166,"[967476, 961554, 9653714, 843464, 1013895]"
1167,"[901840, 1040861, 1063577, 1110743, 12484397]"
1168,"[1055044, 926210, 918372, 937126, 1074928]"
1169,"[910673, 1103629, 1043590, 1127758, 846823]"
1171,"[5572220, 13115667, 1064797, 835819, 1067787]"
1172,"[1120261, 911319, 1003054, 963686, 1058543]"
1174,"[1043590, 1044078, 935968, 923208, 5590158]"
1175,"[951412, 968759, 963365, 962266, 10456186]"
1176,"[133533, 1139216, 201704, 417578, 46427]"
1178,"[6464165, 992622, 6391494, 1013641, 921744]"
1179,"[922651, 1076769, 1044078, 1116050, 10143784]"
1180,"[1025611, 1103629, 1043590, 985119, 1044078]"
1182,"[201704, 197681, 40885, 417578, 9400535]"
1183,"[1065122, 1029624, 1072483, 9365874, 12386187]"
1185,"[1017535, 1043590, 883932, 917223, 15926725]"
1186,"[1057102, 7024990, 951412, 968695, 1127831]"
1187,"[891393, 1038462, 1025611, 1019099, 1025628]"
1188,"[838602, 9368132, 1044078, 1045109, 15717067]"
1189,"[848071, 819840, 874277, 1025650, 1026118]"
1190,"[838602, 880469, 9419585, 981900, 928263]"
1191,"[883670, 1095710, 1072968, 1139786, 901066]"
1192,"[5995596, 911703, 1115552, 958700, 1489235]"
1193,"[8090537, 831712, 957951, 1013928, 876932]"
1194,"[904774, 901976, 1038745, 837073, 997080]"
1195,"[12384689, 1091981, 1049372, 904422, 5995202]"
1196,"[1096458, 919596, 5565202, 1047076, 1007082]"
1197,"[846550, 13842090, 951590, 9677466, 1119454]"
1198,"[915064, 13417590, 1074928, 1105623, 12778508]"
1201,"[966660, 1075793, 893872, 894886, 1047923]"
1202,"[6424447, 858711, 13382402, 9925966, 1032733]"
1203,"[1069506, 905817, 900697, 977166, 1044078]"
1204,"[1044078, 926905, 12604481, 1109206, 5995597]"
1205,"[1072086, 1044078, 5565392, 896958, 996016]"
1206,"[1044078, 861494, 1096036, 1087995, 1043590]"
1207,"[1065593, 967395, 7433930, 852543, 882109]"
1209,"[1117758, 1107839, 891520, 847853, 885592]"
1210,"[9575582, 1091520, 13768181, 7147475, 1110857]"
1211,"[6533880, 1037631, 5567486, 6534201, 977927]"
1214,"[1008596, 9837182, 1001106, 851952, 899229]"
1216,"[1032268, 10204822, 999625, 872342, 1044078]"
1217,"[822407, 9368132, 1043590, 822346, 1044078]"
1218,"[1127831, 7024990, 929751, 857736, 919377]"
1219,"[1001106, 961873, 1033234, 10457110, 942894]"
1221,"[854520, 854329, 1067419, 9677615, 1065496]"
1222,"[1091090, 849505, 1052512, 951590, 1044078]"
1223,"[992826, 8205418, 1128647, 934434, 1081758]"
1224,"[1025611, 1043590, 1044078, 1127758, 1024858]"
1225,"[843339, 1040848, 892018, 7168739, 1034189]"
1226,"[5995597, 7441102, 12604679, 1044078, 848071]"
1227,"[970619, 868984, 1045355, 951761, 973916]"
1228,"[1065538, 8203710, 13210128, 951221, 903609]"
1229,"[951412, 903325, 970030, 13071902, 7024990]"
1230,"[912476, 900703, 1051258, 1123224, 1090953]"
1231,"[961991, 8359154, 1062340, 998843, 1110142]"
1234,"[1127716, 1021935, 6464170, 908089, 872417]"
1236,"[9527160, 1043590, 1044078, 1037840, 12324954]"
1238,"[5567601, 879922, 855454, 834826, 829323]"
1240,"[951412, 1060705, 970030, 1028816, 1054483]"
1241,"[1092026, 13512204, 862070, 1078741, 1138858]"
1242,"[977093, 983050, 820011, 963206, 1067787]"
1245,"[848071, 992529, 969866, 1043590, 869500]"
1246,"[848684, 968693, 1137507, 923767, 1064380]"
1247,"[7024990, 951412, 1127831, 1009449, 903325]"
1248,"[1095040, 915459, 1110883, 13158064, 1136043]"
1249,"[1121808, 13876708, 12811532, 7025106, 834911]"
1252,"[1102929, 1104483, 1008845, 9553399, 9552939]"
1255,"[981946, 999226, 1072523, 1134736, 13417590]"
1256,"[948495, 1137688, 962266, 938138, 830526]"
1257,"[5563930, 7410215, 951412, 15595982, 12386123]"
1258,"[852600, 821787, 13008459, 5570513, 1075074]"
1259,"[1126870, 985911, 839818, 1010655, 12781512]"
1260,"[7024990, 1127831, 1102949, 6552253, 869177]"
1261,"[1109805, 1055044, 1127555, 840227, 7406474]"
1262,"[8273950, 8293447, 5587623, 835619, 1001475]"
1263,"[10456467, 1016800, 10150101, 1025924, 1012315]"
1264,"[820612, 1136341, 1031864, 5587656, 1012587]"
1265,"[1046968, 969687, 1060872, 1067606, 1052291]"
1266,"[1083328, 981288, 13002864, 6919239, 7167903]"
1267,"[851952, 13842090, 869105, 1008750, 825180]"
1269,"[1139058, 1044078, 960528, 899624, 12524512]"
1270,"[848071, 1026118, 1028816, 819840, 1025650]"
1271,"[864279, 7024990, 978343, 827919, 921763]"
1272,"[6514085, 951412, 870614, 10150078, 970030]"
1274,"[5569792, 5568072, 883932, 1033845, 923149]"
1277,"[1090884, 1006483, 8090542, 921614, 5995692]"
1278,"[936094, 1086061, 6554400, 840890, 894499]"
1279,"[969866, 1025611, 1043590, 1038745, 1103629]"
1280,"[976538, 1463619, 1123536, 1017127, 1031864]"
1281,"[1007549, 15926638, 860903, 1020404, 966925]"
1282,"[1043590, 1025611, 1103629, 1044078, 1127758]"
1283,"[962522, 833754, 14025057, 16809649, 1031697]"
1284,"[1038745, 15926886, 903230, 13115956, 1044078]"
1285,"[1089568, 1035676, 13008321, 1102003, 947201]"
1287,"[883932, 1130375, 865196, 943169, 1122115]"
1288,"[6979474, 975649, 990984, 879506, 912013]"
1289,"[9677454, 1085604, 1110572, 999581, 1055155]"
1290,"[8203731, 972037, 1112754, 1008673, 983016]"
1291,"[938849, 1054814, 9526672, 973181, 969687]"
1293,"[1043590, 988572, 852998, 1047968, 1044078]"
1294,"[1092730, 941754, 7167687, 951412, 12782182]"
1295,"[10204660, 5569303, 917816, 9297154, 1051757]"
1296,"[1070076, 935578, 1080252, 1084211, 1031255]"
1297,"[932179, 1026118, 867138, 5565151, 870515]"
1298,"[1040416, 15717057, 1133523, 931255, 9832628]"
1299,"[1016129, 1083840, 843929, 1006555, 8020205]"
1300,"[1118627, 833025, 853448, 835236, 962568]"
1303,"[1005172, 1131892, 1096280, 848605, 13417590]"
1304,"[1122085, 15926725, 871611, 977166, 996750]"
1305,"[1069538, 1043663, 896958, 910817, 1037894]"
1306,"[1044078, 896761, 821970, 940332, 1103629]"
1307,"[6514279, 1057102, 9855017, 1119405, 5578547]"
1310,"[863506, 833025, 9296855, 908265, 1133827]"
1312,"[1045586, 5568995, 1045220, 5568378, 822965]"
1313,"[929751, 1082700, 892997, 885447, 5590465]"
1314,"[1102416, 1050741, 1015280, 1036930, 920109]"
1316,"[982790, 821565, 1138631, 1044078, 1137680]"
1317,"[1138292, 1108168, 1016298, 838602, 7025203]"
1318,"[951412, 947427, 925862, 820341, 972456]"
1319,"[947326, 917760, 9677931, 941189, 942251]"
1321,"[869622, 981591, 915041, 1044078, 1096036]"
1325,"[938849, 951412, 832001, 928850, 13417554]"
1326,"[1044078, 9575582, 899624, 1096036, 1128464]"
1328,"[1043590, 875089, 1083657, 1127758, 963676]"
1329,"[1096548, 1082770, 869755, 5584646, 1008032]"
1330,"[6633167, 947761, 1044078, 1131438, 998270]"
1331,"[1031316, 1048373, 917760, 7442007, 1085256]"
1332,"[951412, 954110, 902292, 848071, 10284931]"
1333,"[838369, 888586, 1053988, 1022097, 1029688]"
1334,"[969945, 12330607, 894591, 896974, 902362]"
1335,"[1010681, 12257705, 835973, 1000586, 1129174]"
1336,"[1044078, 1125391, 926905, 1137342, 918368]"
1337,"[923670, 1135932, 952317, 1044078, 7409951]"
1338,"[989985, 842392, 1092026, 1044078, 1095329]"
1340,"[990251, 971646, 1116476, 1112387, 960884]"
1342,"[827911, 970745, 13115937, 916654, 871085]"
1343,"[1092552, 1019862, 1000970, 10456404, 856207]"
1344,"[7168057, 1008892, 9527408, 1022529, 1051283]"
1346,"[1129982, 5569309, 1095712, 860299, 687292]"
1347,"[9396664, 820612, 982469, 984680, 1002582]"
1350,"[1044078, 1103629, 846823, 877358, 1043590]"
1351,"[1048373, 848878, 9365106, 1001475, 9836353]"
1352,"[871722, 1018243, 951412, 889632, 7024990]"
1353,"[954642, 940731, 1044078, 1046131, 1135802]"
1354,"[15596872, 1088448, 1003600, 926206, 12648296]"
1355,"[1030995, 1087832, 838261, 1072068, 969977]"
1356,"[939527, 951727, 1048893, 830202, 8019562]"
1357,"[866548, 983897, 1007082, 860975, 5592164]"
1358,"[1044078, 5567388, 1096036, 1108092, 8090919]"
1359,"[1129049, 1045980, 969687, 972437, 848681]"
1360,"[1087411, 1014116, 988208, 965848, 1076954]"
1361,"[917174, 10282425, 1015231, 967205, 1125420]"
1362,"[7169088, 890604, 921438, 921406, 1123035]"
1363,"[1034956, 838319, 862010, 12301338, 844179]"
1364,"[1068750, 1101378, 947013, 1132018, 857055]"
1366,"[5566800, 870211, 918368, 1082172, 825751]"
1367,"[15596956, 1127831, 859075, 951412, 938596]"
1368,"[9297191, 1078652, 6464074, 858439, 1131310]"
1369,"[7024990, 985889, 1009187, 857538, 867138]"
1370,"[1068957, 8090539, 919534, 1099089, 971474]"
1373,"[9189640, 959264, 853121, 1087081, 915086]"
1374,"[921438, 1043590, 871611, 1061120, 959900]"
1375,"[951412, 7024990, 948495, 903325, 991575]"
1376,"[1044078, 7168055, 1034176, 937489, 5564821]"
1378,"[6039640, 878290, 6552318, 1124352, 10306817]"
1379,"[993379, 862732, 932242, 1082185, 973889]"
1380,"[1128812, 923751, 848071, 931996, 931411]"
1381,"[12352015, 1036681, 5567319, 834435, 894414]"
1382,"[914240, 8090508, 1070782, 7024830, 9297228]"
1383,"[1135564, 12695508, 830097, 951674, 9527101]"
1384,"[847789, 1044078, 1051878, 1096036, 14025503]"
1385,"[1025611, 1043590, 890909, 1112754, 972143]"
1387,"[854133, 1017369, 903150, 944534, 892713]"
1388,"[919596, 849697, 1133826, 1112387, 1010190]"
1389,"[922651, 1034189, 1088740, 1123045, 6602565]"
1390,"[12648296, 819112, 1035836, 842558, 882308]"
1391,"[1110624, 1037751, 951412, 924092, 6772619]"
1393,"[6919082, 1023720, 933637, 843171, 1127179]"
1394,"[961021, 1061982, 10201697, 1125601, 951412]"
1395,"[829349, 987006, 1096509, 5566674, 960278]"
1397,"[1085983, 918046, 7410071, 970760, 1043590]"
1398,"[1048200, 1038214, 1119993, 13381483, 965272]"
1399,"[5995597, 988275, 1053039, 907392, 12754165]"
1401,"[1015694, 896369, 7168432, 1039975, 848247]"
1402,"[5592270, 10255168, 939636, 969866, 1110057]"
1403,"[1075368, 1013928, 8091550, 906335, 1026058]"
1405,"[6533581, 7410289, 871563, 846760, 1097589]"
1406,"[1079484, 995598, 13512017, 996087, 1008173]"
1408,"[15452705, 8090956, 993617, 1130666, 1012406]"
1409,"[244960, 201704, 197681, 1116050, 942565]"
1410,"[902037, 1064945, 1044078, 864048, 1051781]"
1412,"[9487606, 1032512, 952317, 8090539, 906581]"
1413,"[9396767, 1129266, 824931, 846043, 1043590]"
1414,"[1083328, 944852, 928584, 1082595, 1003302]"
1417,"[835243, 5592931, 10198378, 9526313, 1048260]"
1418,"[1129296, 954778, 6979241, 1041487, 937374]"
1419,"[1114653, 1044078, 920844, 1043590, 873902]"
1421,"[942045, 985893, 1044078, 1092026, 1089381]"
1423,"[1095906, 5981267, 927080, 13008334, 7409670]"
1425,"[1044078, 997202, 1005173, 867931, 856772]"
1426,"[1127600, 1044153, 1039876, 1101173, 1006483]"
1427,"[1075032, 1044078, 1128744, 819518, 1127732]"
1428,"[1044078, 969601, 833025, 1005107, 861819]"
1429,"[926909, 1117299, 1003524, 9337581, 8119302]"
1430,"[9858847, 7410335, 970533, 906844, 900311]"
1431,"[849544, 1060292, 849901, 827175, 1015113]"
1434,"[953609, 5566752, 9297319, 1061125, 888476]"
1437,"[10118778, 1044078, 1043590, 945652, 819304]"
1440,"[1044078, 1092026, 1096036, 13381584, 981900]"
1443,"[1111080, 881391, 965050, 891890, 945662]"
1445,"[9677846, 1075637, 823767, 1009361, 1127831]"
1447,"[1019099, 924305, 1093329, 10356149, 1064233]"
1450,"[9527417, 1096036, 7410288, 1084412, 959830]"
1451,"[1041688, 1014458, 1046500, 951412, 1127831]"
1452,"[837495, 1118533, 9368289, 12352190, 1095669]"
1453,"[951412, 1138189, 1127831, 7024990, 12171656]"
1454,"[1045228, 10306691, 1127831, 7024990, 1098248]"
1457,"[1044078, 1043590, 987724, 5590158, 910673]"
1458,"[7410342, 978270, 962266, 5565425, 7024990]"
1459,"[857130, 827271, 934948, 948832, 1044078]"
1461,"[5591490, 1080155, 918733, 1000753, 973181]"
1462,"[7024990, 872461, 951412, 1101932, 941658]"
1463,"[8090560, 846474, 6391497, 6633302, 856788]"
1464,"[908408, 1044078, 1120508, 1133157, 1043590]"
1465,"[837669, 1100137, 1085435, 948495, 9655679]"
1466,"[1331582, 1075032, 1019479, 1419980, 949294]"
1467,"[1085604, 1110572, 906262, 936508, 859237]"
1470,"[1063739, 882796, 1003836, 1017799, 1060316]"
1471,"[994868, 7025517, 960060, 1036046, 1087695]"
1473,"[951412, 903325, 7024990, 910964, 1093571]"
1474,"[948119, 1134522, 1044078, 936374, 5568191]"
1475,"[969568, 963971, 897946, 857276, 903325]"
1476,"[907099, 964462, 823099, 8090513, 1063876]"
1479,"[935959, 932462, 831536, 9420312, 7154535]"
1480,"[940726, 1095700, 874255, 1066893, 1133018]"
1481,"[938849, 1044078, 6463367, 1008673, 10457504]"
1483,"[1044078, 955910, 1096036, 5592931, 973876]"
1484,"[7024990, 951412, 848319, 1036139, 13007837]"
1485,"[1069312, 12302114, 9242091, 888236, 13842214]"
1487,"[856382, 825882, 1083813, 988822, 1080958]"
1488,"[845774, 1059153, 843339, 9707077, 1065871]"
1489,"[1044078, 833935, 1096036, 9553382, 934427]"
1490,"[9297574, 939636, 972143, 983936, 8290421]"
1491,"[928749, 1106373, 825170, 847066, 1125382]"
1492,"[950550, 969866, 5592523, 1102879, 6904786]"
1493,"[1019479, 1085778, 1025383, 1097001, 7464370]"
1494,"[1115006, 838797, 920288, 1138191, 1094619]"
1495,"[1038745, 1040927, 969866, 1127758, 934639]"
1499,"[1114483, 1139606, 14106445, 1088147, 1018822]"
1500,"[1104898, 848127, 7168286, 1065770, 13115619]"
1501,"[7024990, 996277, 951412, 903325, 970030]"
1502,"[849274, 1054080, 9338009, 917654, 1017195]"
1506,"[869047, 1044078, 900418, 1043590, 1092149]"
1507,"[873654, 843343, 1008626, 928838, 1027478]"
1508,"[7025496, 932949, 871722, 1018740, 959179]"
1509,"[1028422, 846045, 10456354, 5588817, 1016800]"
1510,"[869573, 986912, 1093334, 1036699, 1119399]"
1511,"[1085476, 7146026, 7146027, 946244, 5574045]"
1512,"[1331582, 1313189, 1419980, 1405491, 1230935]"
1513,"[1008673, 1030398, 986869, 13511722, 858649]"
1514,"[1007082, 9524511, 1023858, 949991, 843819]"
1515,"[911454, 939097, 1116671, 7025046, 1034405]"
1517,"[864267, 872062, 908531, 848681, 13115813]"
1518,"[1124029, 938849, 1092149, 870720, 1043590]"
1519,"[1133210, 6979220, 15717057, 942165, 1028953]"
1520,"[1085154, 1034619, 1013641, 5577022, 851231]"
1521,"[1003836, 834165, 1008845, 1122848, 1082947]"
1523,"[1131169, 1130729, 1040306, 1058779, 973976]"
1524,"[990688, 1013641, 10149863, 830973, 951412]"
1525,"[1043590, 1033615, 1103629, 5568845, 883819]"
1526,"[7166723, 1119877, 1135468, 1110857, 1044078]"
1527,"[1099164, 1127831, 1035880, 832760, 1082185]"
1528,"[1006922, 1044078, 919596, 7025203, 1116005]"
1529,"[965530, 1012913, 936117, 898043, 6533878]"
1530,"[936830, 830775, 903800, 938300, 13071901]"
1531,"[13417591, 6442441, 6442750, 1115577, 9368294]"
1532,"[1113164, 1108776, 8090513, 1043787, 5564507]"
1533,"[1069181, 1012517, 971474, 12171843, 859676]"
1534,"[1065303, 932298, 947658, 852521, 1076374]"
1535,"[1043590, 1044078, 1025611, 1103629, 1002787]"
1536,"[865511, 1044078, 8090509, 901776, 899201]"
1537,"[6391137, 6391163, 13987153, 1042544, 906830]"
1539,"[1067434, 1005809, 824193, 1006136, 881857]"
1540,"[911311, 5568378, 1113588, 1044078, 1096622]"
1541,"[922898, 1012801, 849578, 901062, 5574108]"
1542,"[868161, 960884, 6979578, 1132968, 962407]"
1543,"[1096573, 1059075, 1037340, 10285106, 1031740]"
1545,"[1015694, 1091865, 1080472, 1067779, 6463775]"
1546,"[828331, 1070129, 1013999, 873203, 1043590]"
1547,"[893501, 968992, 6602538, 1091964, 5575861]"
1548,"[890423, 822407, 996458, 1044078, 1056973]"
1549,"[969866, 895362, 1038745, 1092264, 1043590]"
1550,"[1113588, 922907, 7410215, 1043590, 999971]"
1552,"[7433888, 974958, 885023, 819115, 948381]"
1553,"[1115352, 1027773, 925258, 9836693, 9526313]"
1555,"[856687, 1090884, 950247, 9527424, 1119946]"
1556,"[929704, 903513, 855488, 1044078, 1109371]"
1557,"[848071, 1026118, 867138, 7024990, 901776]"
1558,"[7410021, 5588817, 1052752, 1030093, 5569374]"
1559,"[1111080, 1026945, 1062525, 925112, 13007264]"
1560,"[1021519, 6424472, 985445, 7024927, 890610]"
1563,"[951412, 903325, 1008596, 928238, 8203782]"
1564,"[1049084, 1046689, 1130286, 7442181, 853434]"
1566,"[1118623, 922651, 1005493, 936741, 12810389]"
1567,"[848071, 882109, 1026118, 934639, 8015407]"
1568,"[882489, 9487306, 1125391, 899624, 873654]"
1569,"[1046201, 1103629, 856827, 1043590, 12987975]"
1570,"[1085154, 1013615, 9483753, 8290587, 825616]"
1571,"[1062128, 10355978, 979057, 954966, 1038038]"
1572,"[9419444, 1048185, 919596, 893811, 1088683]"
1575,"[1119405, 7024990, 902037, 970030, 939527]"
1576,"[911162, 1027608, 1037863, 857902, 978974]"
1577,"[10285185, 8118968, 860849, 888614, 997796]"
1578,"[952781, 823194, 900370, 993680, 976114]"
1579,"[1044078, 1125382, 1016539, 927860, 1097418]"
1580,"[1122085, 869054, 13213108, 9707137, 1053931]"
1581,"[1125391, 14050485, 1051638, 1078717, 1075915]"
1584,"[957736, 917407, 1136719, 902856, 5995427]"
1585,"[990688, 1076842, 9297309, 10182862, 879506]"
1587,"[898867, 1068291, 870211, 1079174, 953539]"
1588,"[1080853, 6633210, 841016, 1101980, 1127831]"
1590,"[951412, 6533608, 1028891, 970030, 1123254]"
1591,"[826067, 6396566, 1108092, 1001827, 889533]"
1592,"[10201384, 12385844, 1128938, 1110764, 13213342]"
1593,"[1110857, 9527603, 898034, 873203, 902396]"
1594,"[1043590, 1025611, 5572738, 1044078, 1131526]"
1595,"[1006555, 1110042, 904148, 12672980, 1073902]"
1596,"[1034949, 12781564, 998964, 15452241, 1033046]"
1598,"[1044078, 949242, 899624, 1117824, 1069175]"
1599,"[1043590, 1025611, 1103629, 1127758, 1044078]"
1600,"[5590158, 1108131, 1025611, 1116477, 973876]"
1602,"[1006483, 970030, 951412, 942278, 903325]"
1604,"[1051211, 832678, 7167847, 15717047, 968164]"
1607,"[989239, 8090537, 1045472, 9553183, 6534578]"
1608,"[1066893, 10204822, 1085256, 9337369, 882941]"
1609,"[1127831, 7024990, 885023, 1100490, 1106428]"
1611,"[8181555, 15926863, 934639, 5995597, 1023095]"
1612,"[1117059, 1010259, 7024990, 7409548, 901062]"
1614,"[995852, 944172, 910817, 1019099, 1037863]"
1618,"[887393, 1127831, 989703, 7024990, 9420183]"
1619,"[932179, 848071, 970160, 6979049, 6391381]"
1620,"[1044078, 1096036, 1043590, 5587656, 5592931]"
1621,"[892221, 7433888, 845914, 1120266, 985866]"
1622,"[1026209, 1031864, 833351, 1006342, 1092149]"
1623,"[1043590, 910673, 12524001, 948832, 996016]"
1624,"[848071, 819840, 1026118, 1052975, 1051884]"
1627,"[934639, 861184, 1038745, 969945, 5580166]"
1628,"[7409621, 834165, 5581788, 925739, 1052411]"
1630,"[990869, 8090653, 865026, 1128861, 1018740]"
1631,"[1044078, 1096036, 5568378, 967461, 1100658]"
1632,"[896161, 881119, 1028012, 1108854, 1043128]"
1633,"[922651, 1064213, 13008334, 9878513, 1109805]"
1634,"[1044078, 1105120, 1096036, 1065593, 1117067]"
1636,"[844441, 890597, 1110081, 13213121, 1048507]"
1637,"[1014948, 1130452, 7168521, 978879, 15926927]"
1638,"[1070169, 850058, 1058997, 12384693, 9673969]"
1640,"[8090612, 9420211, 12172071, 6534406, 7442098]"
1641,"[1125530, 1039028, 1076875, 893867, 870177]"
1642,"[845053, 848071, 1082310, 895268, 831557]"
1643,"[905809, 1079319, 1016800, 1102207, 848878]"
1644,"[1122566, 911388, 1093019, 1037751, 948793]"
1645,"[9547021, 5592344, 9245312, 996269, 877226]"
1646,"[1053022, 1343866, 1057617, 1385639, 1176514]"
1647,"[1086233, 943827, 1125664, 1101822, 1092885]"
1648,"[1104027, 9526254, 9553382, 1044078, 848071]"
1649,"[970030, 8119154, 1018184, 852333, 8019773]"
1650,"[858711, 1091520, 903325, 991575, 1137688]"
1651,"[1035843, 1114483, 1135822, 951412, 819594]"
1652,"[1034176, 1067133, 984669, 9297154, 1091410]"
1653,"[1044078, 899624, 1127831, 903325, 9396705]"
1654,"[9553347, 926737, 871548, 5566423, 12427880]"
1657,"[1006649, 879506, 916381, 1123556, 1096226]"
1658,"[1004270, 1116190, 830941, 1070845, 7467039]"
1659,"[6391173, 7024990, 1119946, 951412, 903325]"
1660,"[955854, 1027480, 1044078, 9836526, 1085780]"
1662,"[951412, 970030, 7024990, 1127831, 1137688]"
1663,"[15716597, 13189983, 1092118, 1134513, 5573812]"
1664,"[867309, 1135354, 926680, 13213552, 876815]"
1665,"[1096960, 918733, 1043590, 981874, 1019479]"
1666,"[1051394, 942762, 892018, 889649, 973181]"
1668,"[1062854, 1352718, 8358100, 863383, 954209]"
1669,"[15830451, 821032, 992765, 879506, 958601]"
1672,"[1096066, 5592931, 1113588, 821761, 925626]"
1673,"[1044078, 1131312, 1043590, 1130581, 5592931]"
1676,"[951412, 7024990, 948495, 1028816, 903325]"
1677,"[5568378, 981374, 1027569, 927851, 9835469]"
1680,"[1006649, 6443350, 1129610, 978214, 1123035]"
1683,"[5574377, 849559, 824074, 1082159, 5569471]"
1684,"[1042345, 1134678, 8090956, 1135932, 1090793]"
1685,"[915905, 985949, 7410289, 1054802, 1064797]"
1686,"[953539, 1033089, 891901, 887962, 8181477]"
1687,"[5995603, 985386, 974336, 1010079, 823099]"
1688,"[1028715, 995055, 1139525, 917816, 10285373]"
1689,"[916578, 835300, 1134175, 858514, 844462]"
1690,"[994542, 1043590, 996016, 6423993, 1106373]"
1692,"[863449, 13513329, 13944804, 13512707, 1044078]"
1693,"[971983, 6391381, 948495, 7024990, 951412]"
1694,"[1044078, 1063578, 1043590, 918733, 1126808]"
1695,"[1134483, 856788, 870927, 991150, 1094562]"
1696,"[1091926, 7025106, 10457519, 970030, 958601]"
1697,"[993838, 1044078, 1037417, 997988, 957839]"
1698,"[1043590, 1044078, 844278, 1025611, 5592931]"
1699,"[928036, 1089066, 830203, 947761, 13777061]"
1700,"[1100856, 930385, 1043590, 1025611, 972143]"
1701,"[1131169, 890620, 1136732, 1065089, 877611]"
1703,"[1043590, 842423, 1135868, 5590613, 1071544]"
1704,"[17104857, 1407216, 1311202, 10351524, 1313189]"
1705,"[13842090, 1079292, 1043590, 1044078, 996016]"
1706,"[13213015, 998270, 849559, 1089381, 869024]"
1707,"[1085604, 861445, 15596933, 831063, 846811]"
1708,"[839208, 1017325, 1056620, 7167945, 871756]"
1709,"[896465, 7166861, 873203, 987061, 5565719]"
1710,"[12352190, 9677052, 970030, 9859060, 951412]"
1712,"[821032, 8290587, 10250632, 869943, 1033324]"
1713,"[893362, 851188, 1113588, 923149, 12670071]"
1715,"[951412, 5592888, 963868, 1093571, 995478]"
1716,"[12525019, 5995597, 917839, 944439, 1085604]"
1717,"[899682, 857283, 858439, 882489, 6034964]"
1718,"[1051040, 12171414, 1138474, 7025363, 9912329]"
1719,"[952399, 1086165, 893851, 10285286, 961554]"
1720,"[1077359, 848107, 968499, 9858795, 920112]"
1721,"[12524174, 955910, 962844, 5590158, 12672980]"
1722,"[897953, 1123536, 5995177, 7409970, 951412]"
1723,"[6979393, 870559, 13776765, 936037, 974952]"
1724,"[861973, 1018397, 970698, 906658, 7024990]"
1726,"[1044487, 7024990, 951412, 948495, 1088205]"
1728,"[1032268, 9296919, 6534515, 837569, 9419470]"
1729,"[6533912, 10356789, 7408211, 916050, 1008673]"
1731,"[1017472, 13987153, 991735, 5569135, 1044078]"
1732,"[1065122, 982469, 7024990, 860947, 1106445]"
1733,"[5978585, 6904613, 847127, 1620533, 1516066]"
1734,"[1122998, 979387, 1019991, 1051616, 845052]"
1735,"[995151, 859426, 6534902, 912147, 1056847]"
1737,"[15924953, 999142, 1011089, 845370, 1036936]"
1738,"[922847, 844165, 9526564, 1032407, 1019142]"
1739,"[13189968, 1043590, 961851, 928049, 9522059]"
1740,"[1029112, 855302, 1109638, 972041, 863449]"
1742,"[1036020, 864335, 9420312, 1004555, 1013999]"
1743,"[993685, 958594, 954355, 6463900, 7467081]"
1745,"[999779, 902377, 1054047, 1051323, 988697]"
1747,"[6979005, 871094, 1011502, 1043590, 1096036]"
1748,"[891505, 1032150, 947798, 975649, 1135932]"
1749,"[1042571, 1009719, 955587, 886536, 849066]"
1750,"[920109, 920463, 9857388, 9487553, 9297151]"
1751,"[906830, 859075, 822966, 1122844, 1044078]"
1752,"[1044078, 1043590, 1025611, 1103629, 5592931]"
1753,"[13842224, 1037894, 1089066, 901543, 1062973]"
1754,"[1125391, 1062973, 1043590, 859075, 1044078]"
1755,"[999714, 9527293, 888711, 904815, 993544]"
1756,"[6533965, 7025202, 9676938, 7144280, 8205577]"
1758,"[917482, 1115553, 6632668, 872382, 1062404]"
1759,"[999621, 10200563, 903513, 1111986, 1044078]"
1760,"[5568339, 13212996, 893411, 1080884, 898023]"
1761,"[12263364, 990077, 1044078, 1043590, 922127]"
1762,"[1044078, 859075, 1004097, 5564948, 6463464]"
1763,"[857902, 834396, 898869, 7409785, 5569172]"
1764,"[8118500, 1127831, 5565925, 917646, 5572898]"
1765,"[916909, 851676, 908504, 1012873, 907945]"
1766,"[880714, 832207, 1043590, 967948, 13115787]"
1767,"[1043590, 1044078, 1096036, 1116635, 883404]"
1768,"[991435, 7410215, 12946027, 896966, 13007435]"
1769,"[999625, 8203834, 1096958, 910673, 13416117]"
1770,"[911622, 919126, 1096172, 7410336, 960791]"
1773,"[925112, 831888, 859427, 1000586, 9296821]"
1774,"[986121, 951197, 869388, 969980, 1120970]"
1775,"[871680, 823576, 1061050, 9911484, 1126899]"
1776,"[1076587, 887897, 892378, 1026118, 945372]"
1778,"[1044078, 1015231, 972244, 926206, 892221]"
1779,"[1125391, 1010164, 920256, 1065556, 1084968]"
1780,"[7025186, 1122112, 1043590, 1044078, 1091383]"
1781,"[1057102, 1028816, 7024990, 862930, 847207]"
1783,"[1064002, 1127831, 7024990, 977854, 1058997]"
1784,"[1074541, 1098167, 848605, 917406, 954966]"
1785,"[847186, 1127831, 993466, 938512, 961554]"
1787,"[1043590, 1025611, 871094, 1044078, 1103629]"
1788,"[951412, 848071, 6391381, 1017127, 932179]"
1789,"[955716, 907128, 1027773, 1062306, 887782]"
1790,"[9483753, 8293898, 886570, 820923, 883932]"
1791,"[854607, 915064, 8249559, 1088683, 969945]"
1792,"[880888, 1016982, 908504, 1062973, 1023160]"
1793,"[1025611, 7147145, 1043590, 939636, 1033857]"
1794,"[6463877, 10345155, 10456623, 10344585, 9837076]"
1795,"[882941, 968036, 1007082, 975649, 868015]"
1796,"[5572220, 1013578, 845265, 925626, 927841]"
1797,"[996009, 1049391, 1112825, 951412, 907791]"
1798,"[970605, 9832529, 7443306, 999090, 10122037]"
1800,"[951412, 1116601, 9297151, 7025094, 7024990]"
1801,"[1128163, 824037, 839208, 10351524, 854900]"
1802,"[884089, 9707010, 5568191, 1117358, 1101653]"
1803,"[1086001, 984575, 9419503, 1044078, 6391451]"
1804,"[1027569, 1075007, 1127831, 946788, 937626]"
1805,"[880888, 921438, 931255, 1079654, 9803601]"
1806,"[839094, 863351, 930009, 1044078, 1077430]"
1807,"[7442091, 951412, 848319, 1112825, 956274]"
1808,"[9487967, 863802, 913144, 822965, 1037840]"
1809,"[1120085, 969980, 9297059, 940806, 1127732]"
1810,"[860248, 995055, 9526185, 903529, 7433029]"
1811,"[857262, 1024489, 1033615, 898394, 1135573]"
1812,"[1075282, 1025611, 5590158, 1021152, 9527408]"
1814,"[201704, 197681, 244960, 43020, 417578]"
1815,"[15452762, 990256, 849129, 898466, 821845]"
1816,"[827570, 9527257, 1025628, 5995597, 1118264]"
1817,"[1051040, 1020208, 969205, 1036106, 1005274]"
1818,"[1134736, 7410361, 1119632, 960641, 1047968]"
1821,"[862070, 9526412, 1069103, 1044078, 1035691]"
1822,"[1043590, 1044078, 1025611, 5592931, 1069175]"
1823,"[902167, 1006264, 924531, 9707147, 1027569]"
1824,"[955403, 851101, 873861, 1023226, 8181477]"
1826,"[1047523, 991630, 1033234, 935570, 822785]"
1829,"[914753, 1056933, 7024990, 6424472, 1116385]"
1831,"[909268, 13189861, 1010950, 1035842, 861499]"
1832,"[8293703, 1134222, 1022097, 996009, 1009567]"
1833,"[1064299, 1090931, 898466, 819063, 865233]"
1835,"[826272, 1015067, 1026258, 1127831, 7024990]"
1836,"[1023160, 903183, 878857, 950247, 6391195]"
1837,"[8019681, 830973, 870428, 10341697, 6534578]"
1838,"[7410342, 1025535, 1137342, 1138353, 9527187]"
1839,"[1009200, 1101932, 9297156, 9553048, 1136654]"
1841,"[1062572, 925350, 1135822, 866828, 872137]"
1843,"[7433753, 870165, 7410217, 6773205, 1052425]"
1844,"[1039028, 1037337, 905081, 925112, 903325]"
1845,"[1127831, 1057102, 968695, 878996, 859427]"
1846,"[898466, 12524067, 1076366, 10457233, 1032156]"
1847,"[1131115, 991761, 866355, 1024875, 8019649]"
1848,"[894439, 892573, 9526159, 879373, 1135834]"
1849,"[1040416, 1137025, 1117500, 10118778, 972041]"
1850,"[7024990, 970030, 1127831, 903325, 951412]"
1853,"[1032150, 1072068, 9527122, 9527415, 1124026]"
1854,"[970030, 1022105, 7024990, 862822, 990251]"
1856,"[929751, 978077, 935959, 1096036, 1044078]"
1857,"[1031316, 1009368, 1092026, 1004385, 823721]"
1858,"[8119101, 9837501, 7168286, 848071, 992986]"
1861,"[936508, 951907, 1108131, 1025611, 987571]"
1862,"[10356410, 1028816, 1083846, 1128161, 1074662]"
1864,"[951412, 1127831, 903325, 837005, 7024990]"
1865,"[894968, 7024990, 1127831, 1018339, 970030]"
1867,"[994894, 9368203, 909129, 9677846, 10285005]"
1868,"[983078, 1070727, 1043590, 1025611, 1016982]"
1869,"[5591538, 1120085, 1058997, 1043416, 1127831]"
1871,"[1040829, 963315, 14025057, 835296, 1013308]"
1872,"[12263408, 5574358, 5566697, 12384779, 1134473]"
1873,"[1135681, 949023, 982469, 926905, 9446069]"
1876,"[1035136, 973016, 866025, 1041796, 1029743]"
1877,"[1037417, 1094744, 1013623, 10122018, 861899]"
1879,"[1070803, 1132771, 922561, 1018740, 974108]"
1880,"[921438, 930385, 1117473, 9707240, 1061220]"
1881,"[852360, 1132198, 901062, 858102, 1136257]"
1882,"[1039781, 914012, 1009368, 874651, 850020]"
1883,"[12380603, 1029513, 1044078, 904375, 891505]"
1884,"[983267, 820301, 857735, 12302067, 1078356]"
1887,"[839346, 1039348, 9655243, 1009449, 943275]"
1889,"[1022848, 1132911, 948239, 12777679, 1075175]"
1890,"[6039759, 1061982, 7024990, 1003616, 970030]"
1891,"[827079, 962797, 9802972, 1055425, 944836]"
1892,"[1043590, 1025611, 1044078, 6979089, 846823]"
1895,"[827911, 1129049, 976047, 917730, 7025517]"
1896,"[1127831, 6772702, 920455, 1084968, 948622]"
1898,"[986208, 915181, 1003616, 872021, 959544]"
1899,"[938463, 1044078, 877210, 1075979, 1012315]"
1900,"[1116376, 920002, 898847, 1027569, 9831557]"
1901,"[1043590, 1044078, 910673, 988009, 1127758]"
1903,"[945779, 917033, 8175880, 12263464, 10118778]"
1904,"[8119301, 926210, 6513703, 1055339, 942475]"
1906,"[1115800, 871633, 1114653, 1116005, 6979415]"
1907,"[1125601, 5565784, 848319, 1061982, 976199]"
1909,"[884333, 955259, 5566956, 5592734, 901211]"
1911,"[1118033, 9297085, 862318, 1044078, 1097382]"
1912,"[860651, 865026, 1046827, 9881834, 979792]"
1914,"[9802981, 1027642, 894439, 1003257, 883616]"
1916,"[1043590, 1088145, 7466852, 907128, 1044078]"
1917,"[1010164, 936229, 913201, 1074516, 1128206]"
1918,"[9297228, 1118235, 6463710, 962407, 1042235]"
1919,"[1059080, 1128647, 917772, 839248, 1131312]"
1920,"[1019643, 1079941, 1118306, 951412, 833724]"
1922,"[7024990, 826272, 960253, 10456474, 8293385]"
1923,"[9420064, 992986, 901062, 927382, 1055425]"
1924,"[1116671, 931672, 965772, 942763, 884694]"
1925,"[12262832, 1127732, 989830, 1086063, 857006]"
1926,"[5995597, 7410288, 7168759, 8118508, 937040]"
1927,"[1025611, 1043590, 1127758, 1108131, 1044078]"
1928,"[828557, 843744, 908531, 9526278, 849870]"
1929,"[943393, 1105816, 982799, 1054215, 1044078]"
1930,"[917427, 935460, 1074223, 846417, 934809]"
1931,"[1048727, 1130858, 1044078, 1043590, 831407]"
1932,"[10344971, 883825, 1019497, 848329, 1120361]"
1935,"[1006027, 974548, 832473, 1004555, 1007269]"
1936,"[947658, 1085604, 6034239, 1110572, 5571541]"
1937,"[907128, 990688, 1131312, 6979427, 900418]"
1939,"[926905, 985265, 1044078, 879876, 924967]"
1940,"[836085, 950118, 947326, 1024306, 908575]"
1941,"[1075979, 1044078, 947798, 12385844, 1128647]"
1942,"[15830451, 896106, 6463792, 1110572, 1076176]"
1943,"[7152455, 983659, 1044078, 1012873, 978354]"
1944,"[7024990, 951412, 1127831, 1119405, 1137688]"
1945,"[1071713, 13416093, 865907, 12383754, 831223]"
1946,"[9677306, 10344585, 9522352, 969771, 1022881]"
1947,"[1028938, 1099372, 9420334, 1040807, 7462562]"
1948,"[15511396, 1055015, 9655175, 848319, 916993]"
1949,"[1038038, 908843, 1025611, 1136755, 1108131]"
1950,"[1131321, 7441118, 13213342, 1126895, 921504]"
1951,"[947211, 1000856, 10456474, 1015848, 1065348]"
1952,"[995502, 887962, 947761, 1081166, 10351524]"
1953,"[951412, 825659, 916122, 970202, 1115358]"
1954,"[1084036, 926065, 934639, 1019247, 845914]"
1955,"[892221, 1063739, 6533878, 959264, 1053058]"
1956,"[1133157, 1017616, 9676852, 922092, 13158992]"
1957,"[201704, 197681, 417578, 9245108, 821200]"
1958,"[1080784, 7160231, 821845, 6703789, 1068715]"
1959,"[841266, 862276, 866548, 983034, 831161]"
1960,"[839656, 1044078, 887325, 849870, 831628]"
1961,"[1061228, 935842, 1050079, 1019443, 925626]"
1962,"[1117484, 13007355, 882190, 907957, 824305]"
1963,"[886996, 850807, 915617, 843756, 1069296]"
1964,"[870428, 1133075, 857055, 920455, 1013572]"
1965,"[967661, 1071812, 1091809, 6533878, 9881592]"
1966,"[7024990, 9670915, 951412, 1127831, 903325]"
1967,"[5569303, 1076366, 5568845, 938849, 13190349]"
1968,"[902856, 1084203, 7410016, 891520, 1027421]"
1969,"[871514, 873964, 1044078, 981874, 944139]"
1970,"[1072086, 985893, 1043590, 843127, 1025611]"
1971,"[1127831, 1132789, 5568378, 829291, 1065035]"
1975,"[879699, 5574377, 1036495, 990656, 967760]"
1976,"[901772, 831763, 1082990, 849202, 1044078]"
1978,"[1059236, 1000806, 819612, 7167441, 867469]"
1979,"[1092354, 1131529, 848071, 1022428, 888586]"
1981,"[13213074, 1131169, 9527328, 1095970, 948384]"
1983,"[877358, 7168026, 1082627, 971660, 950206]"
1985,"[918018, 944938, 944466, 1057011, 9670830]"
1987,"[1331582, 1313189, 1405491, 1419980, 1355241]"
1988,"[5565392, 888476, 896958, 1043663, 1106523]"
1989,"[7441419, 978270, 898847, 10284946, 1117143]"
1990,"[830935, 13007846, 865705, 970030, 856942]"
1991,"[941183, 9880579, 926905, 981582, 935842]"
1992,"[915605, 857176, 15630096, 13381483, 1131169]"
1993,"[1129609, 5591490, 991951, 862010, 5572738]"
1994,"[6546065, 836703, 1118012, 909249, 1037986]"
1995,"[951412, 7024990, 951240, 970030, 1137507]"
1996,"[948239, 6034577, 884089, 1099446, 867469]"
1997,"[991575, 1033347, 1008675, 858711, 903325]"
1998,"[827683, 1044078, 867667, 1133018, 5592931]"
1999,"[1072086, 1086238, 9296804, 1096667, 1093816]"
2000,"[1106301, 1009200, 850290, 967144, 1050851]"
2001,"[1083454, 7103478, 1106872, 933079, 1068224]"
2003,"[8091554, 10344714, 978906, 847980, 7025326]"
2004,"[1055425, 951590, 5568378, 7168383, 887003]"
2005,"[1104380, 1043590, 1044078, 846823, 963228]"
2006,"[893501, 1090953, 945611, 5569471, 937845]"
2007,"[1129610, 1092303, 1064574, 970455, 1082185]"
2008,"[941532, 936830, 12171972, 5570383, 927737]"
2010,"[1043590, 1008673, 1113588, 848329, 821970]"
2011,"[865174, 916487, 1053282, 938394, 893501]"
2012,"[868645, 1044078, 1037751, 972416, 1135681]"
2014,"[1054688, 1073224, 1025611, 1043590, 1044078]"
2015,"[1102067, 1003616, 905436, 883932, 7166862]"
2016,"[1043590, 1094744, 972143, 1025611, 1103629]"
2017,"[916050, 1131602, 1081582, 961554, 9420336]"
2018,"[1054957, 1015375, 848071, 819840, 970152]"
2019,"[1044078, 1085604, 883404, 1030093, 1043590]"
2020,"[942271, 1025611, 1103629, 1047968, 900703]"
2021,"[1019142, 950935, 1119454, 1041390, 910032]"
2022,"[906335, 843689, 951412, 1080853, 971585]"
2023,"[1003699, 10345155, 1022105, 984140, 931007]"
2025,"[1092289, 924978, 9835695, 1121603, 6463717]"
2026,"[986869, 961172, 1044078, 1095700, 819255]"
2027,"[1043590, 1115006, 8249365, 1128163, 1044078]"
2028,"[1094190, 9527603, 1097661, 1033089, 970619]"
2029,"[941472, 1047968, 9523059, 848071, 1008675]"
2030,"[6533394, 9834742, 12525256, 5572898, 877611]"
2031,"[894591, 1038745, 953104, 858892, 978383]"
2032,"[1088856, 1109249, 1060408, 863030, 1127227]"
2033,"[9221914, 938849, 884518, 9527455, 1047968]"
2034,"[1007082, 849297, 991019, 1127831, 12696250]"
2036,"[1014458, 6533878, 1076855, 1127831, 971660]"
2037,"[1069806, 982706, 1033046, 1018007, 839747]"
2038,"[1062232, 858730, 860248, 950206, 1117035]"
2039,"[917174, 1092264, 926737, 1039627, 907392]"
2040,"[1012330, 1021225, 1043663, 983659, 896958]"
2041,"[922651, 1017325, 1044805, 1127716, 896613]"
2042,"[827079, 873654, 12525270, 7147472, 8273950]"
2043,"[851101, 1044078, 8181495, 9881834, 1096036]"
2046,"[890694, 1127511, 990688, 7466870, 7166861]"
2047,"[6533878, 5567325, 1100533, 1043663, 1100124]"
2048,"[6391137, 958067, 1028705, 862538, 7103478]"
2049,"[849618, 914322, 830608, 956672, 1108092]"
2050,"[998828, 929751, 1024051, 955431, 1075786]"
2055,"[9296819, 1080853, 971836, 1134810, 8119231]"
2056,"[1043663, 5567325, 1125123, 1121603, 9552971]"
2057,"[977798, 1068258, 927382, 5569338, 902202]"
2058,"[978382, 1119405, 14106445, 903325, 951412]"
2059,"[993339, 969945, 1089381, 1056746, 7409554]"
2060,"[917760, 842783, 1011457, 970152, 9527327]"
2062,"[1043590, 1127758, 1044078, 7147145, 868745]"
2063,"[961447, 1023720, 1090676, 998444, 1024306]"
2064,"[940510, 6391173, 1006483, 951412, 1119405]"
2065,"[873916, 852015, 1096728, 1101173, 1031083]"
2068,"[865486, 961554, 1127831, 1075074, 1082185]"
2070,"[834103, 1119399, 1069175, 1044078, 1110572]"
2071,"[903230, 1043590, 918752, 821930, 1131344]"
2072,"[1067133, 987464, 6919082, 977093, 871377]"
2075,"[982469, 872021, 1025589, 1107973, 957411]"
2076,"[842249, 951412, 7024990, 9396822, 9297474]"
2077,"[832001, 951412, 9297403, 1039870, 1124201]"
2079,"[848071, 819840, 1026118, 1025650, 1028816]"
2080,"[936792, 891393, 1044078, 1043590, 871337]"
2081,"[1112593, 998666, 1118533, 1043666, 1043590]"
2082,"[848319, 881916, 1023979, 882830, 5581401]"
2083,"[1124823, 6533681, 941198, 7410248, 912704]"
2084,"[12692328, 13213410, 7409621, 6551861, 6424471]"
2085,"[1044078, 1096036, 1053628, 899624, 899844]"
2086,"[1027808, 1018243, 1121193, 8090541, 1119182]"
2087,"[6979516, 859987, 962568, 903325, 951412]"
2088,"[864532, 1044078, 1041928, 847049, 1065941]"
2089,"[5592990, 1036693, 985622, 1066579, 6463724]"
2090,"[1131506, 963354, 938849, 838369, 12524174]"
2091,"[1076146, 1028507, 1102358, 862866, 8203782]"
2094,"[1059142, 1052912, 880104, 1110142, 916993]"
2095,"[1043590, 983659, 1103629, 1044078, 1128647]"
2099,"[1027421, 1129361, 10282425, 1115733, 844560]"
2100,"[1044078, 874061, 1037863, 8357613, 947858]"
2101,"[5566735, 9526313, 967994, 821761, 1090931]"
2102,"[996009, 846550, 1045586, 1021519, 1135578]"
2103,"[923184, 6979174, 1138307, 986153, 835482]"
2105,"[1122142, 1043590, 843441, 979585, 5592931]"
2108,"[866118, 6534074, 1092176, 6464126, 9469110]"
2109,"[878611, 942792, 1033615, 1026439, 1120928]"
2110,"[1018050, 6533878, 1127831, 951412, 1009449]"
2111,"[1109374, 9526680, 1116527, 956813, 1079654]"
2112,"[1063594, 1037863, 1044078, 844179, 962568]"
2114,"[1002771, 907099, 878996, 898847, 1127831]"
2115,"[909249, 948086, 1044078, 844179, 7138817]"
2116,"[951412, 903325, 1127831, 1122547, 873654]"
2119,"[1135460, 7147317, 9527257, 1044078, 1066289]"
2120,"[577318, 541711, 751280, 687292, 1127831]"
2121,"[951412, 903325, 867702, 7024990, 1127831]"
2122,"[1070015, 7409785, 982503, 891906, 8198188]"
2123,"[889223, 920978, 1076199, 1030318, 824180]"
2124,"[6533878, 920900, 1096563, 1010424, 1109598]"
2125,"[5581910, 891426, 997309, 928144, 899019]"
2126,"[1014475, 9653643, 948495, 1119405, 962615]"
2129,"[1044078, 1096036, 838602, 1029684, 948119]"
2130,"[969292, 909800, 951412, 1044078, 938849]"
2131,"[6904666, 1012922, 1037863, 1114765, 1103629]"
2132,"[13416937, 865741, 7024990, 825208, 1057102]"
2133,"[1068957, 961003, 904105, 1057949, 1100140]"
2134,"[951412, 1132426, 848319, 1137688, 903325]"
2135,"[912287, 1000774, 6391381, 6391076, 6534074]"
2136,"[1046262, 1007269, 13417588, 819594, 930009]"
2137,"[6463900, 1043590, 920844, 910673, 1047226]"
2138,"[916143, 1044078, 5995072, 938547, 945611]"
2139,"[989409, 875392, 1013132, 957374, 5565664]"
2141,"[897671, 983753, 10285022, 844462, 1014116]"
2142,"[846417, 1134522, 1079130, 6704207, 918733]"
2145,"[997821, 851903, 950051, 896749, 1009029]"
2146,"[998678, 887375, 903875, 1109192, 819518]"
2147,"[7024990, 906658, 1023720, 848319, 903325]"
2148,"[950894, 10204487, 1089881, 928049, 1027808]"
2149,"[1114811, 9553193, 1079654, 986417, 1058185]"
2151,"[15716403, 991948, 896465, 871094, 821845]"
2153,"[15452687, 6391494, 964968, 1044078, 7409974]"
2154,"[6904666, 8181516, 907418, 910673, 1105488]"
2155,"[9368132, 925164, 1067133, 1088858, 12172005]"
2156,"[892221, 965889, 5565356, 886481, 1063577]"
2158,"[1054945, 905459, 926033, 1014802, 873203]"
2159,"[1038745, 886814, 1091158, 983016, 981877]"
2160,"[953539, 5592773, 12262778, 874972, 12523691]"
2161,"[958208, 951176, 865156, 1008799, 1132081]"
2162,"[9553042, 6395907, 1052294, 974327, 1005576]"
2163,"[1016274, 9338009, 872965, 859987, 1047956]"
2167,"[1015296, 1096036, 1044078, 959985, 959900]"
2168,"[1044078, 1026094, 1120928, 1116253, 916381]"
2169,"[1062886, 918331, 1095970, 12731755, 931492]"
2170,"[1135932, 827271, 930137, 1044078, 948848]"
2171,"[1106073, 974336, 6463520, 983078, 1022097]"
2172,"[926823, 989157, 1091520, 892314, 1048570]"
2173,"[13842088, 975649, 1118033, 9707461, 8069230]"
2174,"[7409785, 830097, 882109, 1117473, 1100860]"
2175,"[1019820, 1043187, 923735, 8181159, 1005172]"
2176,"[835619, 1361359, 1252394, 1331582, 6533182]"
2179,"[883186, 865189, 9831469, 1050883, 927382]"
2181,"[1034868, 12263339, 951412, 1095870, 938849]"
2182,"[43020, 10307325, 201704, 244960, 5567704]"
2183,"[1093490, 911409, 7409621, 9670915, 1023720]"
2184,"[922651, 938849, 981874, 901067, 824193]"
2185,"[958647, 1106116, 9526673, 5568964, 1050583]"
2186,"[899624, 1044078, 907308, 940655, 951590]"
2188,"[1018740, 932949, 819978, 1137775, 7025047]"
2189,"[1015280, 827939, 913210, 1137273, 917231]"
2190,"[1044078, 1005202, 995628, 1058779, 1043590]"
2193,"[951412, 7024990, 1127831, 903325, 6551861]"
2194,"[1063707, 7169089, 12384629, 853448, 1062128]"
2195,"[8358383, 895702, 7024990, 874149, 824305]"
2196,"[889731, 1027835, 929433, 12731432, 981591]"
2197,"[853210, 947436, 839243, 7168026, 827175]"
2198,"[13842214, 1108624, 1000925, 13776009, 9835619]"
2199,"[961554, 1067419, 8019968, 1127831, 1075074]"
2200,"[837339, 1044078, 6772833, 844179, 6979485]"
2202,"[7168056, 963234, 1082544, 1025399, 6553398]"
2203,"[1018818, 12731571, 1036538, 917438, 834382]"
2204,"[1043590, 1044078, 5592931, 859075, 930545]"
2205,"[938849, 911703, 887342, 1048483, 1050649]"
2206,"[959830, 941472, 1121321, 1016188, 1135552]"
2207,"[1043590, 907128, 1025611, 1044078, 972143]"
2208,"[1095587, 951590, 1044078, 10118257, 1127825]"
2209,"[846554, 1057315, 13213015, 12577242, 1009732]"
2211,"[13073050, 1066923, 1076889, 1119942, 12487154]"
2212,"[1019387, 1117059, 5568964, 7441419, 867188]"
2213,"[1046262, 835558, 836085, 1134473, 903325]"
2214,"[1135932, 1063515, 1080014, 922651, 12427880]"
2215,"[1018050, 1129207, 1077717, 13506119, 825749]"
2217,"[1048893, 951412, 903325, 1024329, 9337369]"
2221,"[7410321, 1070727, 9526630, 906763, 6533368]"
2222,"[933918, 1070782, 10456467, 1034176, 5571328]"
2223,"[834103, 1011300, 891463, 878222, 1025611]"
2224,"[996009, 1007210, 1097761, 923670, 1015067]"
2225,"[1000586, 970202, 825313, 894499, 1092354]"
2226,"[1135932, 7410215, 926318, 9803684, 12524323]"
2228,"[916578, 1044078, 1037840, 1050741, 1043590]"
2229,"[1119405, 5569098, 835595, 10341440, 10355978]"
2231,"[825208, 1119405, 7024990, 970030, 920109]"
2233,"[951412, 938849, 970030, 7024990, 7167970]"
2234,"[1122255, 13876912, 1061614, 827578, 951412]"
2235,"[857130, 836445, 1010870, 1058185, 1019497]"
2237,"[1051626, 959985, 1000925, 824073, 963354]"
2238,"[1043590, 1122732, 1025611, 971983, 856060]"
2239,"[1044078, 866889, 945200, 1043590, 15596429]"
2240,"[983659, 1048299, 1080581, 930137, 5568378]"
2241,"[12599596, 8273833, 1125530, 1123407, 1041531]"
2243,"[1139651, 883601, 854920, 7025202, 8119302]"
2244,"[1043590, 1108131, 1044078, 1025611, 834833]"
2245,"[1082310, 1044078, 1053931, 1000970, 833583]"
2247,"[972143, 1044078, 909269, 841236, 836445]"
2248,"[919406, 1130763, 886971, 1091520, 8119094]"
2250,"[964734, 1085154, 891595, 13213342, 876695]"
2252,"[1096036, 1044078, 1043590, 899624, 9297403]"
2253,"[1072576, 1026946, 924132, 981946, 1131351]"
2256,"[1405491, 1313189, 9297136, 905059, 842125]"
2257,"[1104349, 8181177, 1106116, 1126465, 1116376]"
2258,"[1095040, 1137505, 947146, 7167865, 10284934]"
2259,"[1130799, 845053, 957741, 929433, 846823]"
2260,"[868275, 1119182, 1069003, 903526, 943393]"
2261,"[940996, 926905, 1044078, 1106523, 1070272]"
2262,"[1019247, 6039740, 919589, 6513891, 6773232]"
2263,"[1044078, 861675, 8203606, 1043590, 8273833]"
2264,"[970030, 10457044, 9705603, 903325, 961554]"
2266,"[951412, 7024990, 1119405, 1028816, 903325]"
2267,"[923849, 907392, 13512739, 16734419, 1091901]"
2269,"[1044078, 899624, 844179, 1106064, 1068561]"
2270,"[1044078, 1043590, 831536, 929751, 1054814]"
2271,"[833870, 1032950, 909894, 1001277, 1004341]"
2272,"[883665, 1045586, 1136341, 15596112, 6773016]"
2273,"[998373, 6979089, 9296804, 825170, 925862]"
2274,"[848071, 819840, 1080317, 1072523, 1009449]"
2275,"[1044078, 1040579, 951971, 1096036, 1008622]"
2276,"[967144, 9445549, 7168524, 854976, 930179]"
2277,"[1096036, 1139827, 1064919, 1044078, 9526313]"
2278,"[1017220, 13007264, 951412, 922127, 6633342]"
2279,"[947658, 10456467, 849697, 988233, 890260]"
2280,"[1093603, 824796, 982469, 1018740, 1120970]"
2281,"[13213082, 970030, 888476, 13073175, 6534077]"
2282,"[7024990, 951412, 848071, 1028816, 903325]"
2283,"[8119004, 8119103, 1065056, 1019278, 1107808]"
2284,"[951412, 7024990, 1127831, 903325, 975633]"
2285,"[9707461, 10356410, 930918, 991874, 7166890]"
2287,"[1137100, 954250, 13008065, 980943, 884756]"
2288,"[966005, 7464370, 9483753, 7138817, 9526671]"
2289,"[10285017, 984680, 6533878, 834396, 1080884]"
2290,"[1076467, 885750, 996891, 844759, 906262]"
2291,"[12523928, 962588, 836445, 1043590, 6979427]"
2292,"[880895, 9527290, 833025, 894627, 1031923]"
2293,"[12777678, 1080853, 938849, 10122037, 1118120]"
2294,"[1134522, 5592931, 1044078, 1096036, 1082185]"
2295,"[5591490, 845109, 950206, 6534578, 1031065]"
2296,"[1044078, 877498, 952317, 6463709, 941943]"
2297,"[1041259, 857006, 9365756, 830479, 12731544]"
2298,"[871756, 1044078, 9469110, 966348, 821741]"
2299,"[1091858, 981716, 861499, 6602697, 819304]"
2300,"[1119993, 850562, 7464370, 887428, 1115577]"
2301,"[1044078, 8090513, 961980, 1057749, 925579]"
2302,"[901543, 949510, 1037892, 8181552, 6424447]"
2303,"[1057102, 975633, 1002771, 7168057, 852572]"
2305,"[1024032, 825208, 926796, 1069039, 919589]"
2307,"[834435, 883003, 8359154, 927382, 1138443]"
2308,"[1083846, 835300, 1081627, 1068292, 1136449]"
2312,"[951412, 7024990, 903325, 970030, 1061982]"
2314,"[951412, 970030, 7024990, 906183, 13008227]"
2315,"[1059092, 867420, 9831469, 1041031, 1016123]"
2317,"[7024990, 1136257, 1082185, 903325, 1127831]"
2319,"[937791, 908145, 7409785, 1079292, 1101174]"
2322,"[7024990, 1127831, 951412, 1137688, 905072]"
2323,"[1121894, 950170, 834303, 15717067, 1103672]"
2324,"[967760, 907392, 938118, 825541, 1049906]"
2325,"[951590, 986912, 1053690, 1138189, 977374]"
2328,"[1136657, 1127831, 988202, 958208, 1057102]"
2330,"[924423, 1049918, 1135932, 7024990, 970030]"
2331,"[1044078, 859075, 988208, 820612, 1120213]"
2333,"[7409554, 15972152, 899736, 1063706, 10311240]"
2334,"[1044078, 898342, 5568378, 1068291, 892573]"
2335,"[830015, 1043590, 1044078, 5592931, 953104]"
2336,"[909396, 833025, 1069582, 955774, 1044078]"
2337,"[1044078, 1043590, 13671759, 1095645, 1067695]"
2338,"[7024990, 12188582, 1021152, 1117556, 1079482]"
2339,"[910673, 821930, 903513, 6904666, 864048]"
2340,"[1048893, 993838, 970714, 982211, 861819]"
2341,"[1044078, 869900, 896757, 1355241, 1096036]"
2342,"[7166865, 1047076, 866548, 1026448, 1000753]"
2343,"[907418, 950170, 1046865, 1054216, 1136257]"
2344,"[1075827, 1044078, 1013291, 904373, 925855]"
2345,"[849505, 1029737, 1044078, 1137346, 952317]"
2347,"[1077048, 1022097, 1126703, 854943, 1091383]"
2349,"[7410288, 9570173, 1313189, 839605, 10285106]"
2350,"[1047968, 12172355, 824193, 907418, 905636]"
2351,"[951412, 903325, 6514287, 870452, 1048727]"
2352,"[5996551, 8019385, 991205, 901903, 1115006]"
2354,"[829645, 970030, 8019649, 850807, 5570685]"
2359,"[1044078, 997184, 991951, 10142514, 12524510]"
2360,"[6534552, 1044078, 961554, 822348, 1029619]"
2361,"[1053329, 874877, 1057011, 1029313, 944466]"
2363,"[840501, 1000774, 878184, 1005553, 944137]"
2364,"[1870702, 1913500, 1793777, 5707857, 1779222]"
2366,"[853210, 1012701, 1066069, 1019479, 1044078]"
2368,"[6533140, 857540, 981086, 998433, 947146]"
2369,"[896761, 940766, 1093334, 8119103, 12428017]"
2370,"[10200444, 821787, 883306, 844916, 1136257]"
2372,"[1070463, 5995596, 1096036, 1013528, 1044078]"
2373,"[1405491, 1331582, 1355241, 1313189, 1330973]"
2374,"[9677624, 1127716, 1032733, 9707078, 9526630]"
2375,"[1079023, 899624, 918025, 1044078, 1072685]"
2376,"[987557, 8249443, 1021695, 954347, 1044078]"
2377,"[1055168, 1096036, 1069306, 927291, 835080]"
2378,"[9527323, 859075, 946681, 5995427, 908775]"
2379,"[6633210, 1071556, 5567637, 1080853, 927382]"
2380,"[892221, 5590158, 12524510, 845109, 1064755]"
2381,"[938849, 910333, 1115929, 906646, 6979222]"
2385,"[1133893, 1036693, 6533878, 1044078, 982469]"
2386,"[945090, 1019332, 12385588, 863436, 963616]"
2387,"[847139, 1137218, 1099164, 1114605, 1041476]"
2388,"[982469, 866149, 924305, 878637, 930137]"
2389,"[1103826, 937736, 1127758, 1112754, 1004341]"
2392,"[1043590, 846764, 926680, 1103629, 866149]"
2393,"[7024990, 951412, 6391089, 904148, 1057102]"
2394,"[967332, 1088979, 1061487, 7167945, 894886]"
2395,"[965963, 9420312, 1044078, 9420067, 9835619]"
2397,"[932530, 1061982, 1137540, 8149620, 1064380]"
2399,"[864048, 1086740, 1005107, 895327, 5570334]"
2400,"[1085333, 1043590, 896974, 1044078, 912840]"
2401,"[12524174, 6979089, 819840, 825343, 909349]"
2404,"[5978585, 1516066, 1620533, 1499569, 1582467]"
2405,"[1091383, 6602697, 835017, 936914, 8119157]"
2406,"[859987, 1127831, 1022097, 6704142, 901397]"
2407,"[878442, 897611, 883940, 1044078, 9523079]"
2408,"[8016020, 12262978, 1067565, 908318, 1129266]"
2410,"[931007, 5568152, 1097418, 1017325, 1037840]"
2412,"[1044078, 1043590, 871756, 1096036, 1116376]"
2416,"[12808385, 849697, 961024, 846652, 5590158]"
2418,"[1125944, 1100379, 9245108, 1034290, 943076]"
2420,"[1043590, 1044078, 910673, 1037863, 1103629]"
2421,"[851468, 951412, 881154, 1021715, 1127831]"
2424,"[933794, 1072693, 920367, 957343, 5564636]"
2425,"[1085031, 929751, 880505, 1058068, 1092120]"
2426,"[1058404, 1043494, 825670, 1136257, 978726]"
2427,"[856788, 9926758, 1054539, 1127831, 10204822]"
2429,"[884756, 845294, 835243, 1044078, 899624]"
2431,"[931015, 1043590, 983016, 1104380, 840103]"
2434,"[1043590, 1044078, 1127758, 12524510, 5592931]"
2435,"[12731517, 882288, 1037135, 828489, 941734]"
2437,"[7409644, 1091926, 970030, 12298966, 862010]"
2438,"[1870702, 1779222, 1793777, 1987417, 919766]"
2439,"[849003, 15597009, 999891, 1126786, 1037863]"
2440,"[1043590, 1092937, 1103629, 1025611, 1044078]"
2441,"[898121, 995242, 830775, 1004390, 943513]"
2442,"[836258, 1019078, 7442180, 15926863, 1066069]"
2445,"[1125391, 899229, 919948, 1044078, 9337581]"
2446,"[1313189, 1271704, 1405491, 1361359, 1385639]"
2447,"[1107553, 991435, 7024990, 868764, 904997]"
2448,"[7168058, 5568964, 1054402, 8090956, 1121694]"
2449,"[6979803, 1127831, 901062, 951412, 885023]"
2450,"[872461, 12757065, 1127831, 8119157, 900370]"
2451,"[951412, 1076580, 903325, 983106, 1018822]"
2452,"[1043590, 1025611, 5591777, 903602, 1103629]"
2453,"[891954, 928036, 6463504, 951412, 977886]"
2455,"[8020205, 983795, 1131321, 921504, 867447]"
2456,"[997907, 835347, 5587656, 908856, 902856]"
2457,"[938118, 1055472, 876115, 1133390, 1086504]"
2458,"[954146, 956200, 997248, 999965, 847173]"
2459,"[1044078, 1096036, 898363, 909638, 5592931]"
2460,"[9803601, 12781925, 5569230, 938512, 913814]"
2461,"[905459, 7024990, 7410013, 8020205, 1110409]"
2462,"[903325, 7024990, 834932, 951412, 851146]"
2464,"[1407216, 1313189, 1311202, 1405491, 1323619]"
2465,"[969866, 1092264, 1052912, 856252, 965701]"
2466,"[1006188, 965864, 5590837, 9677922, 1000856]"
2467,"[1058997, 850058, 1058754, 1073150, 1010424]"
2470,"[12757065, 906017, 1057350, 17104857, 961021]"
2471,"[1107693, 873654, 945627, 867668, 969846]"
2472,"[836635, 1067820, 1136486, 917231, 879740]"
2475,"[7167687, 925282, 6772883, 1079840, 1016782]"
2477,"[10285243, 832001, 883400, 847745, 951412]"
2478,"[1125391, 851515, 932949, 1137775, 1040700]"
2479,"[1019028, 1127831, 9858794, 859987, 961554]"
2481,"[7441303, 1044078, 899624, 867188, 903233]"
2482,"[1043590, 1044078, 1096036, 5565612, 5592931]"
2483,"[890127, 846241, 863449, 9526888, 894591]"
2484,"[6551861, 1096036, 873964, 1044078, 13072850]"
2485,"[13213108, 12555363, 978155, 9655696, 1128422]"
2486,"[1044078, 1036936, 1043590, 967762, 5568378]"
2488,"[1011920, 1020770, 5568817, 971957, 824305]"
2489,"[858711, 944419, 951412, 961554, 1127831]"
2492,"[847989, 912004, 914577, 854976, 962185]"
2494,"[1033769, 7409975, 834303, 1127831, 12696250]"
2496,"[1057836, 827271, 1044078, 12810393, 12518330]"
2498,"[7144132, 963719, 5565356, 882810, 892048]"
2499,"[1044078, 5570048, 822346, 899624, 944317]"
2500,"[859237, 6533878, 1067419, 1019099, 977166]"
